date_key,date_value,year,month,day,day_of_week
1,2018-01-15,2018,1,15,Monday
2,2018-01-16,2018,1,16,Tuesday
3,2018-01-17,2018,1,17,Wednesday
4,2018-01-18,2018,1,18,Thursday
5,2018-01-19,2018,1,19,Friday
6,2018-01-20,2018,1,20,Saturday
7,2018-01-21,2018,1,21,Sunday
8,2018-01-22,2018,1,22,Monday
9,2018-01-23,2018,1,23,Tuesday
10,2018-01-24,2018,1,24,Wednesday
11,2018-01-25,2018,1,25,Thursday
12,2018-01-26,2018,1,26,Friday
13,2018-01-27,2018,1,27,Saturday
14,2018-01-28,2018,1,28,Sunday
15,2018-01-29,2018,1,29,Monday
16,2018-01-30,2018,1,30,Tuesday
17,2018-01-31,2018,1,31,Wednesday
18,2018-02-01,2018,2,1,Thursday
19,2018-02-02,2018,2,2,Friday
20,2018-02-03,2018,2,3,Saturday
21,2018-02-04,2018,2,4,Sunday
22,2018-02-05,2018,2,5,Monday
23,2018-02-06,2018,2,6,Tuesday
24,2018-02-07,2018,2,7,Wednesday
25,2018-02-08,2018,2,8,Thursday
26,2018-02-09,2018,2,9,Friday
27,2018-02-10,2018,2,10,Saturday
28,2018-02-11,2018,2,11,Sunday
29,2018-02-12,2018,2,12,Monday
30,2018-02-13,2018,2,13,Tuesday
31,2018-02-14,2018,2,14,Wednesday
32,2018-02-15,2018,2,15,Thursday
33,2018-02-16,2018,2,16,Friday
34,2018-02-17,2018,2,17,Saturday
35,2018-02-18,2018,2,18,Sunday
36,2018-02-19,2018,2,19,Monday
37,2018-02-20,2018,2,20,Tuesday
38,2018-02-21,2018,2,21,Wednesday
39,2018-02-22,2018,2,22,Thursday
40,2018-02-23,2018,2,23,Friday
41,2018-02-24,2018,2,24,Saturday
42,2018-02-25,2018,2,25,Sunday
43,2018-02-26,2018,2,26,Monday
44,2018-02-27,2018,2,27,Tuesday
45,2018-02-28,2018,2,28,Wednesday
46,2018-03-01,2018,3,1,Thursday
47,2018-03-02,2018,3,2,Friday
48,2018-03-03,2018,3,3,Saturday
49,2018-03-04,2018,3,4,Sunday
50,2018-03-05,2018,3,5,Monday
51,2018-03-06,2018,3,6,Tuesday
52,2018-03-07,2018,3,7,Wednesday
53,2018-03-08,2018,3,8,Thursday
54,2018-03-09,2018,3,9,Friday
55,2018-03-10,2018,3,10,Saturday
56,2018-03-11,2018,3,11,Sunday
57,2018-03-12,2018,3,12,Monday
58,2018-03-13,2018,3,13,Tuesday
59,2018-03-14,2018,3,14,Wednesday
60,2018-03-15,2018,3,15,Thursday
61,2018-03-16,2018,3,16,Friday
62,2018-03-17,2018,3,17,Saturday
63,2018-03-18,2018,3,18,Sunday
64,2018-03-19,2018,3,19,Monday
65,2018-03-20,2018,3,20,Tuesday
66,2018-03-21,2018,3,21,Wednesday
67,2018-03-22,2018,3,22,Thursday
68,2018-03-23,2018,3,23,Friday
69,2018-03-24,2018,3,24,Saturday
70,2018-03-25,2018,3,25,Sunday
71,2018-03-26,2018,3,26,Monday
72,2018-03-27,2018,3,27,Tuesday
73,2018-03-28,2018,3,28,Wednesday
74,2018-03-29,2018,3,29,Thursday
75,2018-03-30,2018,3,30,Friday
76,2018-03-31,2018,3,31,Saturday
77,2018-04-01,2018,4,1,Sunday
78,2018-04-02,2018,4,2,Monday
79,2018-04-03,2018,4,3,Tuesday
80,2018-04-04,2018,4,4,Wednesday
81,2018-04-05,2018,4,5,Thursday
82,2018-04-06,2018,4,6,Friday
83,2018-04-07,2018,4,7,Saturday
84,2018-04-08,2018,4,8,Sunday
85,2018-04-09,2018,4,9,Monday
86,2018-04-10,2018,4,10,Tuesday
87,2018-04-11,2018,4,11,Wednesday
88,2018-04-12,2018,4,12,Thursday
89,2018-04-13,2018,4,13,Friday
90,2018-04-14,2018,4,14,Saturday
91,2018-04-15,2018,4,15,Sunday
92,2018-04-16,2018,4,16,Monday
93,2018-04-17,2018,4,17,Tuesday
94,2018-04-18,2018,4,18,Wednesday
95,2018-04-19,2018,4,19,Thursday
96,2018-04-20,2018,4,20,Friday
97,2018-04-21,2018,4,21,Saturday
98,2018-04-22,2018,4,22,Sunday
99,2018-04-23,2018,4,23,Monday
100,2018-04-24,2018,4,24,Tuesday
101,2018-04-25,2018,4,25,Wednesday
102,2018-04-26,2018,4,26,Thursday
103,2018-04-27,2018,4,27,Friday
104,2018-04-28,2018,4,28,Saturday
105,2018-04-29,2018,4,29,Sunday
106,2018-04-30,2018,4,30,Monday
107,2018-05-01,2018,5,1,Tuesday
108,2018-05-02,2018,5,2,Wednesday
109,2018-05-03,2018,5,3,Thursday
110,2018-05-04,2018,5,4,Friday
111,2018-05-05,2018,5,5,Saturday
112,2018-05-06,2018,5,6,Sunday
113,2018-05-07,2018,5,7,Monday
114,2018-05-08,2018,5,8,Tuesday
115,2018-05-09,2018,5,9,Wednesday
116,2018-05-10,2018,5,10,Thursday
117,2018-05-11,2018,5,11,Friday
118,2018-05-12,2018,5,12,Saturday
119,2018-05-13,2018,5,13,Sunday
120,2018-05-14,2018,5,14,Monday
121,2018-05-15,2018,5,15,Tuesday
122,2018-05-16,2018,5,16,Wednesday
123,2018-05-17,2018,5,17,Thursday
124,2018-05-18,2018,5,18,Friday
125,2018-05-19,2018,5,19,Saturday
126,2018-05-20,2018,5,20,Sunday
127,2018-05-21,2018,5,21,Monday
128,2018-05-22,2018,5,22,Tuesday
129,2018-05-23,2018,5,23,Wednesday
130,2018-05-24,2018,5,24,Thursday
131,2018-05-25,2018,5,25,Friday
132,2018-05-26,2018,5,26,Saturday
133,2018-05-27,2018,5,27,Sunday
134,2018-05-28,2018,5,28,Monday
135,2018-05-29,2018,5,29,Tuesday
136,2018-05-30,2018,5,30,Wednesday
137,2018-05-31,2018,5,31,Thursday
138,2018-06-01,2018,6,1,Friday
139,2018-06-02,2018,6,2,Saturday
140,2018-06-03,2018,6,3,Sunday
141,2018-06-04,2018,6,4,Monday
142,2018-06-05,2018,6,5,Tuesday
143,2018-06-06,2018,6,6,Wednesday
144,2018-06-07,2018,6,7,Thursday
145,2018-06-08,2018,6,8,Friday
146,2018-06-09,2018,6,9,Saturday
147,2018-06-10,2018,6,10,Sunday
148,2018-06-11,2018,6,11,Monday
149,2018-06-12,2018,6,12,Tuesday
150,2018-06-13,2018,6,13,Wednesday
151,2018-06-14,2018,6,14,Thursday
152,2018-06-15,2018,6,15,Friday
153,2018-06-16,2018,6,16,Saturday
154,2018-06-17,2018,6,17,Sunday
155,2018-06-18,2018,6,18,Monday
156,2018-06-19,2018,6,19,Tuesday
157,2018-06-20,2018,6,20,Wednesday
158,2018-06-21,2018,6,21,Thursday
159,2018-06-22,2018,6,22,Friday
160,2018-06-23,2018,6,23,Saturday
161,2018-06-24,2018,6,24,Sunday
162,2018-06-25,2018,6,25,Monday
163,2018-06-26,2018,6,26,Tuesday
164,2018-06-27,2018,6,27,Wednesday
165,2018-06-28,2018,6,28,Thursday
166,2018-06-29,2018,6,29,Friday
167,2018-06-30,2018,6,30,Saturday
168,2018-07-01,2018,7,1,Sunday
169,2018-07-02,2018,7,2,Monday
170,2018-07-03,2018,7,3,Tuesday
171,2018-07-04,2018,7,4,Wednesday
172,2018-07-05,2018,7,5,Thursday
173,2018-07-06,2018,7,6,Friday
174,2018-07-07,2018,7,7,Saturday
175,2018-07-08,2018,7,8,Sunday
176,2018-07-09,2018,7,9,Monday
177,2018-07-10,2018,7,10,Tuesday
178,2018-07-11,2018,7,11,Wednesday
179,2018-07-12,2018,7,12,Thursday
180,2018-07-13,2018,7,13,Friday
181,2018-07-14,2018,7,14,Saturday
182,2018-07-15,2018,7,15,Sunday
183,2018-07-16,2018,7,16,Monday
184,2018-07-17,2018,7,17,Tuesday
185,2018-07-18,2018,7,18,Wednesday
186,2018-07-19,2018,7,19,Thursday
187,2018-07-20,2018,7,20,Friday
188,2018-07-21,2018,7,21,Saturday
189,2018-07-22,2018,7,22,Sunday
190,2018-07-23,2018,7,23,Monday
191,2018-07-24,2018,7,24,Tuesday
192,2018-07-25,2018,7,25,Wednesday
193,2018-07-26,2018,7,26,Thursday
194,2018-07-27,2018,7,27,Friday
195,2018-07-28,2018,7,28,Saturday
196,2018-07-29,2018,7,29,Sunday
197,2018-07-30,2018,7,30,Monday
198,2018-07-31,2018,7,31,Tuesday
199,2018-08-01,2018,8,1,Wednesday
200,2018-08-02,2018,8,2,Thursday
201,2018-08-03,2018,8,3,Friday
202,2018-08-04,2018,8,4,Saturday
203,2018-08-05,2018,8,5,Sunday
204,2018-08-06,2018,8,6,Monday
205,2018-08-07,2018,8,7,Tuesday
206,2018-08-08,2018,8,8,Wednesday
207,2018-08-09,2018,8,9,Thursday
208,2018-08-10,2018,8,10,Friday
209,2018-08-11,2018,8,11,Saturday
210,2018-08-12,2018,8,12,Sunday
211,2018-08-13,2018,8,13,Monday
212,2018-08-14,2018,8,14,Tuesday
213,2018-08-15,2018,8,15,Wednesday
214,2018-08-16,2018,8,16,Thursday
215,2018-08-17,2018,8,17,Friday
216,2018-08-18,2018,8,18,Saturday
217,2018-08-19,2018,8,19,Sunday
218,2018-08-20,2018,8,20,Monday
219,2018-08-21,2018,8,21,Tuesday
220,2018-08-22,2018,8,22,Wednesday
221,2018-08-23,2018,8,23,Thursday
222,2018-08-24,2018,8,24,Friday
223,2018-08-25,2018,8,25,Saturday
224,2018-08-26,2018,8,26,Sunday
225,2018-08-27,2018,8,27,Monday
226,2018-08-28,2018,8,28,Tuesday
227,2018-08-29,2018,8,29,Wednesday
228,2018-08-30,2018,8,30,Thursday
229,2018-08-31,2018,8,31,Friday
230,2018-09-01,2018,9,1,Saturday
231,2018-09-02,2018,9,2,Sunday
232,2018-09-03,2018,9,3,Monday
233,2018-09-04,2018,9,4,Tuesday
234,2018-09-05,2018,9,5,Wednesday
235,2018-09-06,2018,9,6,Thursday
236,2018-09-07,2018,9,7,Friday
237,2018-09-08,2018,9,8,Saturday
238,2018-09-09,2018,9,9,Sunday
239,2018-09-10,2018,9,10,Monday
240,2018-09-11,2018,9,11,Tuesday
241,2018-09-12,2018,9,12,Wednesday
242,2018-09-13,2018,9,13,Thursday
243,2018-09-14,2018,9,14,Friday
244,2018-09-15,2018,9,15,Saturday
245,2018-09-16,2018,9,16,Sunday
246,2018-09-17,2018,9,17,Monday
247,2018-09-18,2018,9,18,Tuesday
248,2018-09-19,2018,9,19,Wednesday
249,2018-09-20,2018,9,20,Thursday
250,2018-09-21,2018,9,21,Friday
251,2018-09-22,2018,9,22,Saturday
252,2018-09-23,2018,9,23,Sunday
253,2018-09-24,2018,9,24,Monday
254,2018-09-25,2018,9,25,Tuesday
255,2018-09-26,2018,9,26,Wednesday
256,2018-09-27,2018,9,27,Thursday
257,2018-09-28,2018,9,28,Friday
258,2018-09-29,2018,9,29,Saturday
259,2018-09-30,2018,9,30,Sunday
260,2018-10-01,2018,10,1,Monday
261,2018-10-02,2018,10,2,Tuesday
262,2018-10-03,2018,10,3,Wednesday
263,2018-10-04,2018,10,4,Thursday
264,2018-10-05,2018,10,5,Friday
265,2018-10-06,2018,10,6,Saturday
266,2018-10-07,2018,10,7,Sunday
267,2018-10-08,2018,10,8,Monday
268,2018-10-09,2018,10,9,Tuesday
269,2018-10-10,2018,10,10,Wednesday
270,2018-10-11,2018,10,11,Thursday
271,2018-10-12,2018,10,12,Friday
272,2018-10-13,2018,10,13,Saturday
273,2018-10-14,2018,10,14,Sunday
274,2018-10-15,2018,10,15,Monday
275,2018-10-16,2018,10,16,Tuesday
276,2018-10-17,2018,10,17,Wednesday
277,2018-10-18,2018,10,18,Thursday
278,2018-10-19,2018,10,19,Friday
279,2018-10-20,2018,10,20,Saturday
280,2018-10-21,2018,10,21,Sunday
281,2018-10-22,2018,10,22,Monday
282,2018-10-23,2018,10,23,Tuesday
283,2018-10-24,2018,10,24,Wednesday
284,2018-10-25,2018,10,25,Thursday
285,2018-10-26,2018,10,26,Friday
286,2018-10-27,2018,10,27,Saturday
287,2018-10-28,2018,10,28,Sunday
288,2018-10-29,2018,10,29,Monday
289,2018-10-30,2018,10,30,Tuesday
290,2018-10-31,2018,10,31,Wednesday
291,2018-11-01,2018,11,1,Thursday
292,2018-11-02,2018,11,2,Friday
293,2018-11-03,2018,11,3,Saturday
294,2018-11-04,2018,11,4,Sunday
295,2018-11-05,2018,11,5,Monday
296,2018-11-06,2018,11,6,Tuesday
297,2018-11-07,2018,11,7,Wednesday
298,2018-11-08,2018,11,8,Thursday
299,2018-11-09,2018,11,9,Friday
300,2018-11-10,2018,11,10,Saturday
301,2018-11-11,2018,11,11,Sunday
302,2018-11-12,2018,11,12,Monday
303,2018-11-13,2018,11,13,Tuesday
304,2018-11-14,2018,11,14,Wednesday
305,2018-11-15,2018,11,15,Thursday
306,2018-11-16,2018,11,16,Friday
307,2018-11-17,2018,11,17,Saturday
308,2018-11-18,2018,11,18,Sunday
309,2018-11-19,2018,11,19,Monday
310,2018-11-20,2018,11,20,Tuesday
311,2018-11-21,2018,11,21,Wednesday
312,2018-11-22,2018,11,22,Thursday
313,2018-11-23,2018,11,23,Friday
314,2018-11-24,2018,11,24,Saturday
315,2018-11-25,2018,11,25,Sunday
316,2018-11-26,2018,11,26,Monday
317,2018-11-27,2018,11,27,Tuesday
318,2018-11-28,2018,11,28,Wednesday
319,2018-11-29,2018,11,29,Thursday
320,2018-11-30,2018,11,30,Friday
321,2018-12-01,2018,12,1,Saturday
322,2018-12-02,2018,12,2,Sunday
323,2018-12-03,2018,12,3,Monday
324,2018-12-04,2018,12,4,Tuesday
325,2018-12-05,2018,12,5,Wednesday
326,2018-12-06,2018,12,6,Thursday
327,2018-12-07,2018,12,7,Friday
328,2018-12-08,2018,12,8,Saturday
329,2018-12-09,2018,12,9,Sunday
330,2018-12-10,2018,12,10,Monday
331,2018-12-11,2018,12,11,Tuesday
332,2018-12-12,2018,12,12,Wednesday
333,2018-12-13,2018,12,13,Thursday
334,2018-12-14,2018,12,14,Friday
335,2018-12-15,2018,12,15,Saturday
336,2018-12-16,2018,12,16,Sunday
337,2018-12-17,2018,12,17,Monday
338,2018-12-18,2018,12,18,Tuesday
339,2018-12-19,2018,12,19,Wednesday
340,2018-12-20,2018,12,20,Thursday
341,2018-12-21,2018,12,21,Friday
342,2018-12-22,2018,12,22,Saturday
343,2018-12-23,2018,12,23,Sunday
344,2018-12-24,2018,12,24,Monday
345,2018-12-25,2018,12,25,Tuesday
346,2018-12-26,2018,12,26,Wednesday
347,2018-12-27,2018,12,27,Thursday
348,2018-12-28,2018,12,28,Friday
349,2018-12-29,2018,12,29,Saturday
350,2018-12-30,2018,12,30,Sunday
351,2018-12-31,2018,12,31,Monday
352,2019-01-01,2019,1,1,Tuesday
353,2019-01-02,2019,1,2,Wednesday
354,2019-01-03,2019,1,3,Thursday
355,2019-01-04,2019,1,4,Friday
356,2019-01-05,2019,1,5,Saturday
357,2019-01-06,2019,1,6,Sunday
358,2019-01-07,2019,1,7,Monday
359,2019-01-08,2019,1,8,Tuesday
360,2019-01-09,2019,1,9,Wednesday
361,2019-01-10,2019,1,10,Thursday
362,2019-01-11,2019,1,11,Friday
363,2019-01-12,2019,1,12,Saturday
364,2019-01-13,2019,1,13,Sunday
365,2019-01-14,2019,1,14,Monday
366,2019-01-15,2019,1,15,Tuesday
367,2019-01-16,2019,1,16,Wednesday
368,2019-01-17,2019,1,17,Thursday
369,2019-01-18,2019,1,18,Friday
370,2019-01-19,2019,1,19,Saturday
371,2019-01-20,2019,1,20,Sunday
372,2019-01-21,2019,1,21,Monday
373,2019-01-22,2019,1,22,Tuesday
374,2019-01-23,2019,1,23,Wednesday
375,2019-01-24,2019,1,24,Thursday
376,2019-01-25,2019,1,25,Friday
377,2019-01-26,2019,1,26,Saturday
378,2019-01-27,2019,1,27,Sunday
379,2019-01-28,2019,1,28,Monday
380,2019-01-29,2019,1,29,Tuesday
381,2019-01-30,2019,1,30,Wednesday
382,2019-01-31,2019,1,31,Thursday
383,2019-02-01,2019,2,1,Friday
384,2019-02-02,2019,2,2,Saturday
385,2019-02-03,2019,2,3,Sunday
386,2019-02-04,2019,2,4,Monday
387,2019-02-05,2019,2,5,Tuesday
388,2019-02-06,2019,2,6,Wednesday
389,2019-02-07,2019,2,7,Thursday
390,2019-02-08,2019,2,8,Friday
391,2019-02-09,2019,2,9,Saturday
392,2019-02-10,2019,2,10,Sunday
393,2019-02-11,2019,2,11,Monday
394,2019-02-12,2019,2,12,Tuesday
395,2019-02-13,2019,2,13,Wednesday
396,2019-02-14,2019,2,14,Thursday
397,2019-02-15,2019,2,15,Friday
398,2019-02-16,2019,2,16,Saturday
399,2019-02-17,2019,2,17,Sunday
400,2019-02-18,2019,2,18,Monday
401,2019-02-19,2019,2,19,Tuesday
402,2019-02-20,2019,2,20,Wednesday
403,2019-02-21,2019,2,21,Thursday
404,2019-02-22,2019,2,22,Friday
405,2019-02-23,2019,2,23,Saturday
406,2019-02-24,2019,2,24,Sunday
407,2019-02-25,2019,2,25,Monday
408,2019-02-26,2019,2,26,Tuesday
409,2019-02-27,2019,2,27,Wednesday
410,2019-02-28,2019,2,28,Thursday
411,2019-03-01,2019,3,1,Friday
412,2019-03-02,2019,3,2,Saturday
413,2019-03-03,2019,3,3,Sunday
414,2019-03-04,2019,3,4,Monday
415,2019-03-05,2019,3,5,Tuesday
416,2019-03-06,2019,3,6,Wednesday
417,2019-03-07,2019,3,7,Thursday
418,2019-03-08,2019,3,8,Friday
419,2019-03-09,2019,3,9,Saturday
420,2019-03-10,2019,3,10,Sunday
421,2019-03-11,2019,3,11,Monday
422,2019-03-12,2019,3,12,Tuesday
423,2019-03-13,2019,3,13,Wednesday
424,2019-03-14,2019,3,14,Thursday
425,2019-03-15,2019,3,15,Friday
426,2019-03-16,2019,3,16,Saturday
427,2019-03-17,2019,3,17,Sunday
428,2019-03-18,2019,3,18,Monday
429,2019-03-19,2019,3,19,Tuesday
430,2019-03-20,2019,3,20,Wednesday
431,2019-03-21,2019,3,21,Thursday
432,2019-03-22,2019,3,22,Friday
433,2019-03-23,2019,3,23,Saturday
434,2019-03-24,2019,3,24,Sunday
435,2019-03-25,2019,3,25,Monday
436,2019-03-26,2019,3,26,Tuesday
437,2019-03-27,2019,3,27,Wednesday
438,2019-03-28,2019,3,28,Thursday
439,2019-03-29,2019,3,29,Friday
440,2019-03-30,2019,3,30,Saturday
441,2019-03-31,2019,3,31,Sunday
442,2019-04-01,2019,4,1,Monday
443,2019-04-02,2019,4,2,Tuesday
444,2019-04-03,2019,4,3,Wednesday
445,2019-04-04,2019,4,4,Thursday
446,2019-04-05,2019,4,5,Friday
447,2019-04-06,2019,4,6,Saturday
448,2019-04-07,2019,4,7,Sunday
449,2019-04-08,2019,4,8,Monday
450,2019-04-09,2019,4,9,Tuesday
451,2019-04-10,2019,4,10,Wednesday
452,2019-04-11,2019,4,11,Thursday
453,2019-04-12,2019,4,12,Friday
454,2019-04-13,2019,4,13,Saturday
455,2019-04-14,2019,4,14,Sunday
456,2019-04-15,2019,4,15,Monday
457,2019-04-16,2019,4,16,Tuesday
458,2019-04-17,2019,4,17,Wednesday
459,2019-04-18,2019,4,18,Thursday
460,2019-04-19,2019,4,19,Friday
461,2019-04-20,2019,4,20,Saturday
462,2019-04-21,2019,4,21,Sunday
463,2019-04-22,2019,4,22,Monday
464,2019-04-23,2019,4,23,Tuesday
465,2019-04-24,2019,4,24,Wednesday
466,2019-04-25,2019,4,25,Thursday
467,2019-04-26,2019,4,26,Friday
468,2019-04-27,2019,4,27,Saturday
469,2019-04-28,2019,4,28,Sunday
470,2019-04-29,2019,4,29,Monday
471,2019-04-30,2019,4,30,Tuesday
472,2019-05-01,2019,5,1,Wednesday
473,2019-05-02,2019,5,2,Thursday
474,2019-05-03,2019,5,3,Friday
475,2019-05-04,2019,5,4,Saturday
476,2019-05-05,2019,5,5,Sunday
477,2019-05-06,2019,5,6,Monday
478,2019-05-07,2019,5,7,Tuesday
479,2019-05-08,2019,5,8,Wednesday
480,2019-05-09,2019,5,9,Thursday
481,2019-05-10,2019,5,10,Friday
482,2019-05-11,2019,5,11,Saturday
483,2019-05-12,2019,5,12,Sunday
484,2019-05-13,2019,5,13,Monday
485,2019-05-14,2019,5,14,Tuesday
486,2019-05-15,2019,5,15,Wednesday
487,2019-05-16,2019,5,16,Thursday
488,2019-05-17,2019,5,17,Friday
489,2019-05-18,2019,5,18,Saturday
490,2019-05-19,2019,5,19,Sunday
491,2019-05-20,2019,5,20,Monday
492,2019-05-21,2019,5,21,Tuesday
493,2019-05-22,2019,5,22,Wednesday
494,2019-05-23,2019,5,23,Thursday
495,2019-05-24,2019,5,24,Friday
496,2019-05-25,2019,5,25,Saturday
497,2019-05-26,2019,5,26,Sunday
498,2019-05-27,2019,5,27,Monday
499,2019-05-28,2019,5,28,Tuesday
500,2019-05-29,2019,5,29,Wednesday
501,2019-05-30,2019,5,30,Thursday
502,2019-05-31,2019,5,31,Friday
503,2019-06-01,2019,6,1,Saturday
504,2019-06-02,2019,6,2,Sunday
505,2019-06-03,2019,6,3,Monday
506,2019-06-04,2019,6,4,Tuesday
507,2019-06-05,2019,6,5,Wednesday
508,2019-06-06,2019,6,6,Thursday
509,2019-06-07,2019,6,7,Friday
510,2019-06-08,2019,6,8,Saturday
511,2019-06-09,2019,6,9,Sunday
512,2019-06-10,2019,6,10,Monday
513,2019-06-11,2019,6,11,Tuesday
514,2019-06-12,2019,6,12,Wednesday
515,2019-06-13,2019,6,13,Thursday
516,2019-06-14,2019,6,14,Friday
517,2019-06-15,2019,6,15,Saturday
518,2019-06-16,2019,6,16,Sunday
519,2019-06-17,2019,6,17,Monday
520,2019-06-18,2019,6,18,Tuesday
521,2019-06-19,2019,6,19,Wednesday
522,2019-06-20,2019,6,20,Thursday
523,2019-06-21,2019,6,21,Friday
524,2019-06-22,2019,6,22,Saturday
525,2019-06-23,2019,6,23,Sunday
526,2019-06-24,2019,6,24,Monday
527,2019-06-25,2019,6,25,Tuesday
528,2019-06-26,2019,6,26,Wednesday
529,2019-06-27,2019,6,27,Thursday
530,2019-06-28,2019,6,28,Friday
531,2019-06-29,2019,6,29,Saturday
532,2019-06-30,2019,6,30,Sunday
533,2019-07-01,2019,7,1,Monday
534,2019-07-02,2019,7,2,Tuesday
535,2019-07-03,2019,7,3,Wednesday
536,2019-07-04,2019,7,4,Thursday
537,2019-07-05,2019,7,5,Friday
538,2019-07-06,2019,7,6,Saturday
539,2019-07-07,2019,7,7,Sunday
540,2019-07-08,2019,7,8,Monday
541,2019-07-09,2019,7,9,Tuesday
542,2019-07-10,2019,7,10,Wednesday
543,2019-07-11,2019,7,11,Thursday
544,2019-07-12,2019,7,12,Friday
545,2019-07-13,2019,7,13,Saturday
546,2019-07-14,2019,7,14,Sunday
547,2019-07-15,2019,7,15,Monday
548,2019-07-16,2019,7,16,Tuesday
549,2019-07-17,2019,7,17,Wednesday
550,2019-07-18,2019,7,18,Thursday
551,2019-07-19,2019,7,19,Friday
552,2019-07-20,2019,7,20,Saturday
553,2019-07-21,2019,7,21,Sunday
554,2019-07-22,2019,7,22,Monday
555,2019-07-23,2019,7,23,Tuesday
556,2019-07-24,2019,7,24,Wednesday
557,2019-07-25,2019,7,25,Thursday
558,2019-07-26,2019,7,26,Friday
559,2019-07-27,2019,7,27,Saturday
560,2019-07-28,2019,7,28,Sunday
561,2019-07-29,2019,7,29,Monday
562,2019-07-30,2019,7,30,Tuesday
563,2019-07-31,2019,7,31,Wednesday
564,2019-08-01,2019,8,1,Thursday
565,2019-08-02,2019,8,2,Friday
566,2019-08-03,2019,8,3,Saturday
567,2019-08-04,2019,8,4,Sunday
568,2019-08-05,2019,8,5,Monday
569,2019-08-06,2019,8,6,Tuesday
570,2019-08-07,2019,8,7,Wednesday
571,2019-08-08,2019,8,8,Thursday
572,2019-08-09,2019,8,9,Friday
573,2019-08-10,2019,8,10,Saturday
574,2019-08-11,2019,8,11,Sunday
575,2019-08-12,2019,8,12,Monday
576,2019-08-13,2019,8,13,Tuesday
577,2019-08-14,2019,8,14,Wednesday
578,2019-08-15,2019,8,15,Thursday
579,2019-08-16,2019,8,16,Friday
580,2019-08-17,2019,8,17,Saturday
581,2019-08-18,2019,8,18,Sunday
582,2019-08-19,2019,8,19,Monday
583,2019-08-20,2019,8,20,Tuesday
584,2019-08-21,2019,8,21,Wednesday
585,2019-08-22,2019,8,22,Thursday
586,2019-08-23,2019,8,23,Friday
587,2019-08-24,2019,8,24,Saturday
588,2019-08-25,2019,8,25,Sunday
589,2019-08-26,2019,8,26,Monday
590,2019-08-27,2019,8,27,Tuesday
591,2019-08-28,2019,8,28,Wednesday
592,2019-08-29,2019,8,29,Thursday
593,2019-08-30,2019,8,30,Friday
594,2019-08-31,2019,8,31,Saturday
595,2019-09-01,2019,9,1,Sunday
596,2019-09-02,2019,9,2,Monday
597,2019-09-03,2019,9,3,Tuesday
598,2019-09-04,2019,9,4,Wednesday
599,2019-09-05,2019,9,5,Thursday
600,2019-09-06,2019,9,6,Friday
601,2019-09-07,2019,9,7,Saturday
602,2019-09-08,2019,9,8,Sunday
603,2019-09-09,2019,9,9,Monday
604,2019-09-10,2019,9,10,Tuesday
605,2019-09-11,2019,9,11,Wednesday
606,2019-09-12,2019,9,12,Thursday
607,2019-09-13,2019,9,13,Friday
608,2019-09-14,2019,9,14,Saturday
609,2019-09-15,2019,9,15,Sunday
610,2019-09-16,2019,9,16,Monday
611,2019-09-17,2019,9,17,Tuesday
612,2019-09-18,2019,9,18,Wednesday
613,2019-09-19,2019,9,19,Thursday
614,2019-09-20,2019,9,20,Friday
615,2019-09-21,2019,9,21,Saturday
616,2019-09-22,2019,9,22,Sunday
617,2019-09-23,2019,9,23,Monday
618,2019-09-24,2019,9,24,Tuesday
619,2019-09-25,2019,9,25,Wednesday
620,2019-09-26,2019,9,26,Thursday
621,2019-09-27,2019,9,27,Friday
622,2019-09-28,2019,9,28,Saturday
623,2019-09-29,2019,9,29,Sunday
624,2019-09-30,2019,9,30,Monday
625,2019-10-01,2019,10,1,Tuesday
626,2019-10-02,2019,10,2,Wednesday
627,2019-10-03,2019,10,3,Thursday
628,2019-10-04,2019,10,4,Friday
629,2019-10-05,2019,10,5,Saturday
630,2019-10-06,2019,10,6,Sunday
631,2019-10-07,2019,10,7,Monday
632,2019-10-08,2019,10,8,Tuesday
633,2019-10-09,2019,10,9,Wednesday
634,2019-10-10,2019,10,10,Thursday
635,2019-10-11,2019,10,11,Friday
636,2019-10-12,2019,10,12,Saturday
637,2019-10-13,2019,10,13,Sunday
638,2019-10-14,2019,10,14,Monday
639,2019-10-15,2019,10,15,Tuesday
640,2019-10-16,2019,10,16,Wednesday
641,2019-10-17,2019,10,17,Thursday
642,2019-10-18,2019,10,18,Friday
643,2019-10-19,2019,10,19,Saturday
644,2019-10-20,2019,10,20,Sunday
645,2019-10-21,2019,10,21,Monday
646,2019-10-22,2019,10,22,Tuesday
647,2019-10-23,2019,10,23,Wednesday
648,2019-10-24,2019,10,24,Thursday
649,2019-10-25,2019,10,25,Friday
650,2019-10-26,2019,10,26,Saturday
651,2019-10-27,2019,10,27,Sunday
652,2019-10-28,2019,10,28,Monday
653,2019-10-29,2019,10,29,Tuesday
654,2019-10-30,2019,10,30,Wednesday
655,2019-10-31,2019,10,31,Thursday
656,2019-11-01,2019,11,1,Friday
657,2019-11-02,2019,11,2,Saturday
658,2019-11-03,2019,11,3,Sunday
659,2019-11-04,2019,11,4,Monday
660,2019-11-05,2019,11,5,Tuesday
661,2019-11-06,2019,11,6,Wednesday
662,2019-11-07,2019,11,7,Thursday
663,2019-11-08,2019,11,8,Friday
664,2019-11-09,2019,11,9,Saturday
665,2019-11-10,2019,11,10,Sunday
666,2019-11-11,2019,11,11,Monday
667,2019-11-12,2019,11,12,Tuesday
668,2019-11-13,2019,11,13,Wednesday
669,2019-11-14,2019,11,14,Thursday
670,2019-11-15,2019,11,15,Friday
671,2019-11-16,2019,11,16,Saturday
672,2019-11-17,2019,11,17,Sunday
673,2019-11-18,2019,11,18,Monday
674,2019-11-19,2019,11,19,Tuesday
675,2019-11-20,2019,11,20,Wednesday
676,2019-11-21,2019,11,21,Thursday
677,2019-11-22,2019,11,22,Friday
678,2019-11-23,2019,11,23,Saturday
679,2019-11-24,2019,11,24,Sunday
680,2019-11-25,2019,11,25,Monday
681,2019-11-26,2019,11,26,Tuesday
682,2019-11-27,2019,11,27,Wednesday
683,2019-11-28,2019,11,28,Thursday
684,2019-11-29,2019,11,29,Friday
685,2019-11-30,2019,11,30,Saturday
686,2019-12-01,2019,12,1,Sunday
687,2019-12-02,2019,12,2,Monday
688,2019-12-03,2019,12,3,Tuesday
689,2019-12-04,2019,12,4,Wednesday
690,2019-12-05,2019,12,5,Thursday
691,2019-12-06,2019,12,6,Friday
692,2019-12-07,2019,12,7,Saturday
693,2019-12-08,2019,12,8,Sunday
694,2019-12-09,2019,12,9,Monday
695,2019-12-10,2019,12,10,Tuesday
696,2019-12-11,2019,12,11,Wednesday
697,2019-12-12,2019,12,12,Thursday
698,2019-12-13,2019,12,13,Friday
699,2019-12-14,2019,12,14,Saturday
700,2019-12-15,2019,12,15,Sunday
701,2019-12-16,2019,12,16,Monday
702,2019-12-17,2019,12,17,Tuesday
703,2019-12-18,2019,12,18,Wednesday
704,2019-12-19,2019,12,19,Thursday
705,2019-12-20,2019,12,20,Friday
706,2019-12-21,2019,12,21,Saturday
707,2019-12-22,2019,12,22,Sunday
708,2019-12-23,2019,12,23,Monday
709,2019-12-24,2019,12,24,Tuesday
710,2019-12-25,2019,12,25,Wednesday
711,2019-12-26,2019,12,26,Thursday
712,2019-12-27,2019,12,27,Friday
713,2019-12-28,2019,12,28,Saturday
714,2019-12-29,2019,12,29,Sunday
715,2019-12-30,2019,12,30,Monday
716,2019-12-31,2019,12,31,Tuesday
717,2020-01-01,2020,1,1,Wednesday
718,2020-01-02,2020,1,2,Thursday
719,2020-01-03,2020,1,3,Friday
720,2020-01-04,2020,1,4,Saturday
721,2020-01-05,2020,1,5,Sunday
722,2020-01-06,2020,1,6,Monday
723,2020-01-07,2020,1,7,Tuesday
724,2020-01-08,2020,1,8,Wednesday
725,2020-01-09,2020,1,9,Thursday
726,2020-01-10,2020,1,10,Friday
727,2020-01-11,2020,1,11,Saturday
728,2020-01-12,2020,1,12,Sunday
729,2020-01-13,2020,1,13,Monday
730,2020-01-14,2020,1,14,Tuesday
731,2020-01-15,2020,1,15,Wednesday
732,2020-01-16,2020,1,16,Thursday
733,2020-01-17,2020,1,17,Friday
734,2020-01-18,2020,1,18,Saturday
735,2020-01-19,2020,1,19,Sunday
736,2020-01-20,2020,1,20,Monday
737,2020-01-21,2020,1,21,Tuesday
738,2020-01-22,2020,1,22,Wednesday
739,2020-01-23,2020,1,23,Thursday
740,2020-01-24,2020,1,24,Friday
741,2020-01-25,2020,1,25,Saturday
742,2020-01-26,2020,1,26,Sunday
743,2020-01-27,2020,1,27,Monday
744,2020-01-28,2020,1,28,Tuesday
745,2020-01-29,2020,1,29,Wednesday
746,2020-01-30,2020,1,30,Thursday
747,2020-01-31,2020,1,31,Friday
748,2020-02-01,2020,2,1,Saturday
749,2020-02-02,2020,2,2,Sunday
750,2020-02-03,2020,2,3,Monday
751,2020-02-04,2020,2,4,Tuesday
752,2020-02-05,2020,2,5,Wednesday
753,2020-02-06,2020,2,6,Thursday
754,2020-02-07,2020,2,7,Friday
755,2020-02-08,2020,2,8,Saturday
756,2020-02-09,2020,2,9,Sunday
757,2020-02-10,2020,2,10,Monday
758,2020-02-11,2020,2,11,Tuesday
759,2020-02-12,2020,2,12,Wednesday
760,2020-02-13,2020,2,13,Thursday
761,2020-02-14,2020,2,14,Friday
762,2020-02-15,2020,2,15,Saturday
763,2020-02-16,2020,2,16,Sunday
764,2020-02-17,2020,2,17,Monday
765,2020-02-18,2020,2,18,Tuesday
766,2020-02-19,2020,2,19,Wednesday
767,2020-02-20,2020,2,20,Thursday
768,2020-02-21,2020,2,21,Friday
769,2020-02-22,2020,2,22,Saturday
770,2020-02-23,2020,2,23,Sunday
771,2020-02-24,2020,2,24,Monday
772,2020-02-25,2020,2,25,Tuesday
773,2020-02-26,2020,2,26,Wednesday
774,2020-02-27,2020,2,27,Thursday
775,2020-02-28,2020,2,28,Friday
776,2020-02-29,2020,2,29,Saturday
777,2020-03-01,2020,3,1,Sunday
778,2020-03-02,2020,3,2,Monday
779,2020-03-03,2020,3,3,Tuesday
780,2020-03-04,2020,3,4,Wednesday
781,2020-03-05,2020,3,5,Thursday
782,2020-03-06,2020,3,6,Friday
783,2020-03-07,2020,3,7,Saturday
784,2020-03-08,2020,3,8,Sunday
785,2020-03-09,2020,3,9,Monday
786,2020-03-10,2020,3,10,Tuesday
787,2020-03-11,2020,3,11,Wednesday
788,2020-03-12,2020,3,12,Thursday
789,2020-03-13,2020,3,13,Friday
790,2020-03-14,2020,3,14,Saturday
791,2020-03-15,2020,3,15,Sunday
792,2020-03-16,2020,3,16,Monday
793,2020-03-17,2020,3,17,Tuesday
794,2020-03-18,2020,3,18,Wednesday
795,2020-03-19,2020,3,19,Thursday
796,2020-03-20,2020,3,20,Friday
797,2020-03-21,2020,3,21,Saturday
798,2020-03-22,2020,3,22,Sunday
799,2020-03-23,2020,3,23,Monday
800,2020-03-24,2020,3,24,Tuesday
801,2020-03-25,2020,3,25,Wednesday
802,2020-03-26,2020,3,26,Thursday
803,2020-03-27,2020,3,27,Friday
804,2020-03-28,2020,3,28,Saturday
805,2020-03-29,2020,3,29,Sunday
806,2020-03-30,2020,3,30,Monday
807,2020-03-31,2020,3,31,Tuesday
808,2020-04-01,2020,4,1,Wednesday
809,2020-04-02,2020,4,2,Thursday
810,2020-04-03,2020,4,3,Friday
811,2020-04-04,2020,4,4,Saturday
812,2020-04-05,2020,4,5,Sunday
813,2020-04-06,2020,4,6,Monday
814,2020-04-07,2020,4,7,Tuesday
815,2020-04-08,2020,4,8,Wednesday
816,2020-04-09,2020,4,9,Thursday
817,2020-04-10,2020,4,10,Friday
818,2020-04-11,2020,4,11,Saturday
819,2020-04-12,2020,4,12,Sunday
820,2020-04-13,2020,4,13,Monday
821,2020-04-14,2020,4,14,Tuesday
822,2020-04-15,2020,4,15,Wednesday
823,2020-04-16,2020,4,16,Thursday
824,2020-04-17,2020,4,17,Friday
825,2020-04-18,2020,4,18,Saturday
826,2020-04-19,2020,4,19,Sunday
827,2020-04-20,2020,4,20,Monday
828,2020-04-21,2020,4,21,Tuesday
829,2020-04-22,2020,4,22,Wednesday
830,2020-04-23,2020,4,23,Thursday
831,2020-04-24,2020,4,24,Friday
832,2020-04-25,2020,4,25,Saturday
833,2020-04-26,2020,4,26,Sunday
834,2020-04-27,2020,4,27,Monday
835,2020-04-28,2020,4,28,Tuesday
836,2020-04-29,2020,4,29,Wednesday
837,2020-04-30,2020,4,30,Thursday
838,2020-05-01,2020,5,1,Friday
839,2020-05-02,2020,5,2,Saturday
840,2020-05-03,2020,5,3,Sunday
841,2020-05-04,2020,5,4,Monday
842,2020-05-05,2020,5,5,Tuesday
843,2020-05-06,2020,5,6,Wednesday
844,2020-05-07,2020,5,7,Thursday
845,2020-05-08,2020,5,8,Friday
846,2020-05-09,2020,5,9,Saturday
847,2020-05-10,2020,5,10,Sunday
848,2020-05-11,2020,5,11,Monday
849,2020-05-12,2020,5,12,Tuesday
850,2020-05-13,2020,5,13,Wednesday
851,2020-05-14,2020,5,14,Thursday
852,2020-05-15,2020,5,15,Friday
853,2020-05-16,2020,5,16,Saturday
854,2020-05-17,2020,5,17,Sunday
855,2020-05-18,2020,5,18,Monday
856,2020-05-19,2020,5,19,Tuesday
857,2020-05-20,2020,5,20,Wednesday
858,2020-05-21,2020,5,21,Thursday
859,2020-05-22,2020,5,22,Friday
860,2020-05-23,2020,5,23,Saturday
861,2020-05-24,2020,5,24,Sunday
862,2020-05-25,2020,5,25,Monday
863,2020-05-26,2020,5,26,Tuesday
864,2020-05-27,2020,5,27,Wednesday
865,2020-05-28,2020,5,28,Thursday
866,2020-05-29,2020,5,29,Friday
867,2020-05-30,2020,5,30,Saturday
868,2020-05-31,2020,5,31,Sunday
869,2020-06-01,2020,6,1,Monday
870,2020-06-02,2020,6,2,Tuesday
871,2020-06-03,2020,6,3,Wednesday
872,2020-06-04,2020,6,4,Thursday
873,2020-06-05,2020,6,5,Friday
874,2020-06-06,2020,6,6,Saturday
875,2020-06-07,2020,6,7,Sunday
876,2020-06-08,2020,6,8,Monday
877,2020-06-09,2020,6,9,Tuesday
878,2020-06-10,2020,6,10,Wednesday
879,2020-06-11,2020,6,11,Thursday
880,2020-06-12,2020,6,12,Friday
881,2020-06-13,2020,6,13,Saturday
882,2020-06-14,2020,6,14,Sunday
883,2020-06-15,2020,6,15,Monday
884,2020-06-16,2020,6,16,Tuesday
885,2020-06-17,2020,6,17,Wednesday
886,2020-06-18,2020,6,18,Thursday
887,2020-06-19,2020,6,19,Friday
888,2020-06-20,2020,6,20,Saturday
889,2020-06-21,2020,6,21,Sunday
890,2020-06-22,2020,6,22,Monday
891,2020-06-23,2020,6,23,Tuesday
892,2020-06-24,2020,6,24,Wednesday
893,2020-06-25,2020,6,25,Thursday
894,2020-06-26,2020,6,26,Friday
895,2020-06-27,2020,6,27,Saturday
896,2020-06-28,2020,6,28,Sunday
897,2020-06-29,2020,6,29,Monday
898,2020-06-30,2020,6,30,Tuesday
899,2020-07-01,2020,7,1,Wednesday
900,2020-07-02,2020,7,2,Thursday
901,2020-07-03,2020,7,3,Friday
902,2020-07-04,2020,7,4,Saturday
903,2020-07-05,2020,7,5,Sunday
904,2020-07-06,2020,7,6,Monday
905,2020-07-07,2020,7,7,Tuesday
906,2020-07-08,2020,7,8,Wednesday
907,2020-07-09,2020,7,9,Thursday
908,2020-07-10,2020,7,10,Friday
909,2020-07-11,2020,7,11,Saturday
910,2020-07-12,2020,7,12,Sunday
911,2020-07-13,2020,7,13,Monday
912,2020-07-14,2020,7,14,Tuesday
913,2020-07-15,2020,7,15,Wednesday
914,2020-07-16,2020,7,16,Thursday
915,2020-07-17,2020,7,17,Friday
916,2020-07-18,2020,7,18,Saturday
917,2020-07-19,2020,7,19,Sunday
918,2020-07-20,2020,7,20,Monday
919,2020-07-21,2020,7,21,Tuesday
920,2020-07-22,2020,7,22,Wednesday
921,2020-07-23,2020,7,23,Thursday
922,2020-07-24,2020,7,24,Friday
923,2020-07-25,2020,7,25,Saturday
924,2020-07-26,2020,7,26,Sunday
925,2020-07-27,2020,7,27,Monday
926,2020-07-28,2020,7,28,Tuesday
927,2020-07-29,2020,7,29,Wednesday
928,2020-07-30,2020,7,30,Thursday
929,2020-07-31,2020,7,31,Friday
930,2020-08-01,2020,8,1,Saturday
931,2020-08-02,2020,8,2,Sunday
932,2020-08-03,2020,8,3,Monday
933,2020-08-04,2020,8,4,Tuesday
934,2020-08-05,2020,8,5,Wednesday
935,2020-08-06,2020,8,6,Thursday
936,2020-08-07,2020,8,7,Friday
937,2020-08-08,2020,8,8,Saturday
938,2020-08-09,2020,8,9,Sunday
939,2020-08-10,2020,8,10,Monday
940,2020-08-11,2020,8,11,Tuesday
941,2020-08-12,2020,8,12,Wednesday
942,2020-08-13,2020,8,13,Thursday
943,2020-08-14,2020,8,14,Friday
944,2020-08-15,2020,8,15,Saturday
945,2020-08-16,2020,8,16,Sunday
946,2020-08-17,2020,8,17,Monday
947,2020-08-18,2020,8,18,Tuesday
948,2020-08-19,2020,8,19,Wednesday
949,2020-08-20,2020,8,20,Thursday
950,2020-08-21,2020,8,21,Friday
951,2020-08-22,2020,8,22,Saturday
952,2020-08-23,2020,8,23,Sunday
953,2020-08-24,2020,8,24,Monday
954,2020-08-25,2020,8,25,Tuesday
955,2020-08-26,2020,8,26,Wednesday
956,2020-08-27,2020,8,27,Thursday
957,2020-08-28,2020,8,28,Friday
958,2020-08-29,2020,8,29,Saturday
959,2020-08-30,2020,8,30,Sunday
960,2020-08-31,2020,8,31,Monday
961,2020-09-01,2020,9,1,Tuesday
962,2020-09-02,2020,9,2,Wednesday
963,2020-09-03,2020,9,3,Thursday
964,2020-09-04,2020,9,4,Friday
965,2020-09-05,2020,9,5,Saturday
966,2020-09-06,2020,9,6,Sunday
967,2020-09-07,2020,9,7,Monday
968,2020-09-08,2020,9,8,Tuesday
969,2020-09-09,2020,9,9,Wednesday
970,2020-09-10,2020,9,10,Thursday
971,2020-09-11,2020,9,11,Friday
972,2020-09-12,2020,9,12,Saturday
973,2020-09-13,2020,9,13,Sunday
974,2020-09-14,2020,9,14,Monday
975,2020-09-15,2020,9,15,Tuesday
976,2020-09-16,2020,9,16,Wednesday
977,2020-09-17,2020,9,17,Thursday
978,2020-09-18,2020,9,18,Friday
979,2020-09-19,2020,9,19,Saturday
980,2020-09-20,2020,9,20,Sunday
981,2020-09-21,2020,9,21,Monday
982,2020-09-22,2020,9,22,Tuesday
983,2020-09-23,2020,9,23,Wednesday
984,2020-09-24,2020,9,24,Thursday
985,2020-09-25,2020,9,25,Friday
986,2020-09-26,2020,9,26,Saturday
987,2020-09-27,2020,9,27,Sunday
988,2020-09-28,2020,9,28,Monday
989,2020-09-29,2020,9,29,Tuesday
990,2020-09-30,2020,9,30,Wednesday
991,2020-10-01,2020,10,1,Thursday
992,2020-10-02,2020,10,2,Friday
993,2020-10-03,2020,10,3,Saturday
994,2020-10-04,2020,10,4,Sunday
995,2020-10-05,2020,10,5,Monday
996,2020-10-06,2020,10,6,Tuesday
997,2020-10-07,2020,10,7,Wednesday
998,2020-10-08,2020,10,8,Thursday
999,2020-10-09,2020,10,9,Friday
1000,2020-10-10,2020,10,10,Saturday
1001,2020-10-11,2020,10,11,Sunday
1002,2020-10-12,2020,10,12,Monday
1003,2020-10-13,2020,10,13,Tuesday
1004,2020-10-14,2020,10,14,Wednesday
1005,2020-10-15,2020,10,15,Thursday
1006,2020-10-16,2020,10,16,Friday
1007,2020-10-17,2020,10,17,Saturday
1008,2020-10-18,2020,10,18,Sunday
1009,2020-10-19,2020,10,19,Monday
1010,2020-10-20,2020,10,20,Tuesday
1011,2020-10-21,2020,10,21,Wednesday
1012,2020-10-22,2020,10,22,Thursday
1013,2020-10-23,2020,10,23,Friday
1014,2020-10-24,2020,10,24,Saturday
1015,2020-10-25,2020,10,25,Sunday
1016,2020-10-26,2020,10,26,Monday
1017,2020-10-27,2020,10,27,Tuesday
1018,2020-10-28,2020,10,28,Wednesday
1019,2020-10-29,2020,10,29,Thursday
1020,2020-10-30,2020,10,30,Friday
1021,2020-10-31,2020,10,31,Saturday
1022,2020-11-01,2020,11,1,Sunday
1023,2020-11-02,2020,11,2,Monday
1024,2020-11-03,2020,11,3,Tuesday
1025,2020-11-04,2020,11,4,Wednesday
1026,2020-11-05,2020,11,5,Thursday
1027,2020-11-06,2020,11,6,Friday
1028,2020-11-07,2020,11,7,Saturday
1029,2020-11-08,2020,11,8,Sunday
1030,2020-11-09,2020,11,9,Monday
1031,2020-11-10,2020,11,10,Tuesday
1032,2020-11-11,2020,11,11,Wednesday
1033,2020-11-12,2020,11,12,Thursday
1034,2020-11-13,2020,11,13,Friday
1035,2020-11-14,2020,11,14,Saturday
1036,2020-11-15,2020,11,15,Sunday
1037,2020-11-16,2020,11,16,Monday
1038,2020-11-17,2020,11,17,Tuesday
1039,2020-11-18,2020,11,18,Wednesday
1040,2020-11-19,2020,11,19,Thursday
1041,2020-11-20,2020,11,20,Friday
1042,2020-11-21,2020,11,21,Saturday
1043,2020-11-22,2020,11,22,Sunday
1044,2020-11-23,2020,11,23,Monday
1045,2020-11-24,2020,11,24,Tuesday
1046,2020-11-25,2020,11,25,Wednesday
1047,2020-11-26,2020,11,26,Thursday
1048,2020-11-27,2020,11,27,Friday
1049,2020-11-28,2020,11,28,Saturday
1050,2020-11-29,2020,11,29,Sunday
1051,2020-11-30,2020,11,30,Monday
1052,2020-12-01,2020,12,1,Tuesday
1053,2020-12-02,2020,12,2,Wednesday
1054,2020-12-03,2020,12,3,Thursday
1055,2020-12-04,2020,12,4,Friday
1056,2020-12-05,2020,12,5,Saturday
1057,2020-12-06,2020,12,6,Sunday
1058,2020-12-07,2020,12,7,Monday
1059,2020-12-08,2020,12,8,Tuesday
1060,2020-12-09,2020,12,9,Wednesday
1061,2020-12-10,2020,12,10,Thursday
1062,2020-12-11,2020,12,11,Friday
1063,2020-12-12,2020,12,12,Saturday
1064,2020-12-13,2020,12,13,Sunday
1065,2020-12-14,2020,12,14,Monday
1066,2020-12-15,2020,12,15,Tuesday
1067,2020-12-16,2020,12,16,Wednesday
1068,2020-12-17,2020,12,17,Thursday
1069,2020-12-18,2020,12,18,Friday
1070,2020-12-19,2020,12,19,Saturday
1071,2020-12-20,2020,12,20,Sunday
1072,2020-12-21,2020,12,21,Monday
1073,2020-12-22,2020,12,22,Tuesday
1074,2020-12-23,2020,12,23,Wednesday
1075,2020-12-24,2020,12,24,Thursday
1076,2020-12-25,2020,12,25,Friday
1077,2020-12-26,2020,12,26,Saturday
1078,2020-12-27,2020,12,27,Sunday
1079,2020-12-28,2020,12,28,Monday
1080,2020-12-29,2020,12,29,Tuesday
1081,2020-12-30,2020,12,30,Wednesday
1082,2020-12-31,2020,12,31,Thursday
1083,2021-01-01,2021,1,1,Friday
1084,2021-01-02,2021,1,2,Saturday
1085,2021-01-03,2021,1,3,Sunday
1086,2021-01-04,2021,1,4,Monday
1087,2021-01-05,2021,1,5,Tuesday
1088,2021-01-06,2021,1,6,Wednesday
1089,2021-01-07,2021,1,7,Thursday
1090,2021-01-08,2021,1,8,Friday
1091,2021-01-09,2021,1,9,Saturday
1092,2021-01-10,2021,1,10,Sunday
1093,2021-01-11,2021,1,11,Monday
1094,2021-01-12,2021,1,12,Tuesday
1095,2021-01-13,2021,1,13,Wednesday
1096,2021-01-14,2021,1,14,Thursday
1097,2021-01-15,2021,1,15,Friday
1098,2021-01-16,2021,1,16,Saturday
1099,2021-01-17,2021,1,17,Sunday
1100,2021-01-18,2021,1,18,Monday
1101,2021-01-19,2021,1,19,Tuesday
1102,2021-01-20,2021,1,20,Wednesday
1103,2021-01-21,2021,1,21,Thursday
1104,2021-01-22,2021,1,22,Friday
1105,2021-01-23,2021,1,23,Saturday
1106,2021-01-24,2021,1,24,Sunday
1107,2021-01-25,2021,1,25,Monday
1108,2021-01-26,2021,1,26,Tuesday
1109,2021-01-27,2021,1,27,Wednesday
1110,2021-01-28,2021,1,28,Thursday
1111,2021-01-29,2021,1,29,Friday
1112,2021-01-30,2021,1,30,Saturday
1113,2021-01-31,2021,1,31,Sunday
1114,2021-02-01,2021,2,1,Monday
1115,2021-02-02,2021,2,2,Tuesday
1116,2021-02-03,2021,2,3,Wednesday
1117,2021-02-04,2021,2,4,Thursday
1118,2021-02-05,2021,2,5,Friday
1119,2021-02-06,2021,2,6,Saturday
1120,2021-02-07,2021,2,7,Sunday
1121,2021-02-08,2021,2,8,Monday
1122,2021-02-09,2021,2,9,Tuesday
1123,2021-02-10,2021,2,10,Wednesday
1124,2021-02-11,2021,2,11,Thursday
1125,2021-02-12,2021,2,12,Friday
1126,2021-02-13,2021,2,13,Saturday
1127,2021-02-14,2021,2,14,Sunday
1128,2021-02-15,2021,2,15,Monday
1129,2021-02-16,2021,2,16,Tuesday
1130,2021-02-17,2021,2,17,Wednesday
1131,2021-02-18,2021,2,18,Thursday
1132,2021-02-19,2021,2,19,Friday
1133,2021-02-20,2021,2,20,Saturday
1134,2021-02-21,2021,2,21,Sunday
1135,2021-02-22,2021,2,22,Monday
1136,2021-02-23,2021,2,23,Tuesday
1137,2021-02-24,2021,2,24,Wednesday
1138,2021-02-25,2021,2,25,Thursday
1139,2021-02-26,2021,2,26,Friday
1140,2021-02-27,2021,2,27,Saturday
1141,2021-02-28,2021,2,28,Sunday
1142,2021-03-01,2021,3,1,Monday
1143,2021-03-02,2021,3,2,Tuesday
1144,2021-03-03,2021,3,3,Wednesday
1145,2021-03-04,2021,3,4,Thursday
1146,2021-03-05,2021,3,5,Friday
1147,2021-03-06,2021,3,6,Saturday
1148,2021-03-07,2021,3,7,Sunday
1149,2021-03-08,2021,3,8,Monday
1150,2021-03-09,2021,3,9,Tuesday
1151,2021-03-10,2021,3,10,Wednesday
1152,2021-03-11,2021,3,11,Thursday
1153,2021-03-12,2021,3,12,Friday
1154,2021-03-13,2021,3,13,Saturday
1155,2021-03-14,2021,3,14,Sunday
1156,2021-03-15,2021,3,15,Monday
1157,2021-03-16,2021,3,16,Tuesday
1158,2021-03-17,2021,3,17,Wednesday
1159,2021-03-18,2021,3,18,Thursday
1160,2021-03-19,2021,3,19,Friday
1161,2021-03-20,2021,3,20,Saturday
1162,2021-03-21,2021,3,21,Sunday
1163,2021-03-22,2021,3,22,Monday
1164,2021-03-23,2021,3,23,Tuesday
1165,2021-03-24,2021,3,24,Wednesday
1166,2021-03-25,2021,3,25,Thursday
1167,2021-03-26,2021,3,26,Friday
1168,2021-03-27,2021,3,27,Saturday
1169,2021-03-28,2021,3,28,Sunday
1170,2021-03-29,2021,3,29,Monday
1171,2021-03-30,2021,3,30,Tuesday
1172,2021-03-31,2021,3,31,Wednesday
1173,2021-04-01,2021,4,1,Thursday
1174,2021-04-02,2021,4,2,Friday
1175,2021-04-03,2021,4,3,Saturday
1176,2021-04-04,2021,4,4,Sunday
1177,2021-04-05,2021,4,5,Monday
1178,2021-04-06,2021,4,6,Tuesday
1179,2021-04-07,2021,4,7,Wednesday
1180,2021-04-08,2021,4,8,Thursday
1181,2021-04-09,2021,4,9,Friday
1182,2021-04-10,2021,4,10,Saturday
1183,2021-04-11,2021,4,11,Sunday
1184,2021-04-12,2021,4,12,Monday
1185,2021-04-13,2021,4,13,Tuesday
1186,2021-04-14,2021,4,14,Wednesday
1187,2021-04-15,2021,4,15,Thursday
1188,2021-04-16,2021,4,16,Friday
1189,2021-04-17,2021,4,17,Saturday
1190,2021-04-18,2021,4,18,Sunday
1191,2021-04-19,2021,4,19,Monday
1192,2021-04-20,2021,4,20,Tuesday
1193,2021-04-21,2021,4,21,Wednesday
1194,2021-04-22,2021,4,22,Thursday
1195,2021-04-23,2021,4,23,Friday
1196,2021-04-24,2021,4,24,Saturday
1197,2021-04-25,2021,4,25,Sunday
1198,2021-04-26,2021,4,26,Monday
1199,2021-04-27,2021,4,27,Tuesday
1200,2021-04-28,2021,4,28,Wednesday
1201,2021-04-29,2021,4,29,Thursday
1202,2021-04-30,2021,4,30,Friday
1203,2021-05-01,2021,5,1,Saturday
1204,2021-05-02,2021,5,2,Sunday
1205,2021-05-03,2021,5,3,Monday
1206,2021-05-04,2021,5,4,Tuesday
1207,2021-05-05,2021,5,5,Wednesday
1208,2021-05-06,2021,5,6,Thursday
1209,2021-05-07,2021,5,7,Friday
1210,2021-05-08,2021,5,8,Saturday
1211,2021-05-09,2021,5,9,Sunday
1212,2021-05-10,2021,5,10,Monday
1213,2021-05-11,2021,5,11,Tuesday
1214,2021-05-12,2021,5,12,Wednesday
1215,2021-05-13,2021,5,13,Thursday
1216,2021-05-14,2021,5,14,Friday
1217,2021-05-15,2021,5,15,Saturday
1218,2021-05-16,2021,5,16,Sunday
1219,2021-05-17,2021,5,17,Monday
1220,2021-05-18,2021,5,18,Tuesday
1221,2021-05-19,2021,5,19,Wednesday
1222,2021-05-20,2021,5,20,Thursday
1223,2021-05-21,2021,5,21,Friday
1224,2021-05-22,2021,5,22,Saturday
1225,2021-05-23,2021,5,23,Sunday
1226,2021-05-24,2021,5,24,Monday
1227,2021-05-25,2021,5,25,Tuesday
1228,2021-05-26,2021,5,26,Wednesday
1229,2021-05-27,2021,5,27,Thursday
1230,2021-05-28,2021,5,28,Friday
1231,2021-05-29,2021,5,29,Saturday
1232,2021-05-30,2021,5,30,Sunday
1233,2021-05-31,2021,5,31,Monday
1234,2021-06-01,2021,6,1,Tuesday
1235,2021-06-02,2021,6,2,Wednesday
1236,2021-06-03,2021,6,3,Thursday
1237,2021-06-04,2021,6,4,Friday
1238,2021-06-05,2021,6,5,Saturday
1239,2021-06-06,2021,6,6,Sunday
1240,2021-06-07,2021,6,7,Monday
1241,2021-06-08,2021,6,8,Tuesday
1242,2021-06-09,2021,6,9,Wednesday
1243,2021-06-10,2021,6,10,Thursday
1244,2021-06-11,2021,6,11,Friday
1245,2021-06-12,2021,6,12,Saturday
1246,2021-06-13,2021,6,13,Sunday
1247,2021-06-14,2021,6,14,Monday
1248,2021-06-15,2021,6,15,Tuesday
1249,2021-06-16,2021,6,16,Wednesday
1250,2021-06-17,2021,6,17,Thursday
1251,2021-06-18,2021,6,18,Friday
1252,2021-06-19,2021,6,19,Saturday
1253,2021-06-20,2021,6,20,Sunday
1254,2021-06-21,2021,6,21,Monday
1255,2021-06-22,2021,6,22,Tuesday
1256,2021-06-23,2021,6,23,Wednesday
1257,2021-06-24,2021,6,24,Thursday
1258,2021-06-25,2021,6,25,Friday
1259,2021-06-26,2021,6,26,Saturday
1260,2021-06-27,2021,6,27,Sunday
1261,2021-06-28,2021,6,28,Monday
1262,2021-06-29,2021,6,29,Tuesday
1263,2021-06-30,2021,6,30,Wednesday
1264,2021-07-01,2021,7,1,Thursday
1265,2021-07-02,2021,7,2,Friday
1266,2021-07-03,2021,7,3,Saturday
1267,2021-07-04,2021,7,4,Sunday
1268,2021-07-05,2021,7,5,Monday
1269,2021-07-06,2021,7,6,Tuesday
1270,2021-07-07,2021,7,7,Wednesday
1271,2021-07-08,2021,7,8,Thursday
1272,2021-07-09,2021,7,9,Friday
1273,2021-07-10,2021,7,10,Saturday
1274,2021-07-11,2021,7,11,Sunday
1275,2021-07-12,2021,7,12,Monday
1276,2021-07-13,2021,7,13,Tuesday
1277,2021-07-14,2021,7,14,Wednesday
1278,2021-07-15,2021,7,15,Thursday
1279,2021-07-16,2021,7,16,Friday
1280,2021-07-17,2021,7,17,Saturday
1281,2021-07-18,2021,7,18,Sunday
1282,2021-07-19,2021,7,19,Monday
1283,2021-07-20,2021,7,20,Tuesday
1284,2021-07-21,2021,7,21,Wednesday
1285,2021-07-22,2021,7,22,Thursday
1286,2021-07-23,2021,7,23,Friday
1287,2021-07-24,2021,7,24,Saturday
1288,2021-07-25,2021,7,25,Sunday
1289,2021-07-26,2021,7,26,Monday
1290,2021-07-27,2021,7,27,Tuesday
1291,2021-07-28,2021,7,28,Wednesday
1292,2021-07-29,2021,7,29,Thursday
1293,2021-07-30,2021,7,30,Friday
1294,2021-07-31,2021,7,31,Saturday
1295,2021-08-01,2021,8,1,Sunday
1296,2021-08-02,2021,8,2,Monday
1297,2021-08-03,2021,8,3,Tuesday
1298,2021-08-04,2021,8,4,Wednesday
1299,2021-08-05,2021,8,5,Thursday
1300,2021-08-06,2021,8,6,Friday
1301,2021-08-07,2021,8,7,Saturday
1302,2021-08-08,2021,8,8,Sunday
1303,2021-08-09,2021,8,9,Monday
1304,2021-08-10,2021,8,10,Tuesday
1305,2021-08-11,2021,8,11,Wednesday
1306,2021-08-12,2021,8,12,Thursday
1307,2021-08-13,2021,8,13,Friday
1308,2021-08-14,2021,8,14,Saturday
1309,2021-08-15,2021,8,15,Sunday
1310,2021-08-16,2021,8,16,Monday
1311,2021-08-17,2021,8,17,Tuesday
1312,2021-08-18,2021,8,18,Wednesday
1313,2021-08-19,2021,8,19,Thursday
1314,2021-08-20,2021,8,20,Friday
1315,2021-08-21,2021,8,21,Saturday
1316,2021-08-22,2021,8,22,Sunday
1317,2021-08-23,2021,8,23,Monday
1318,2021-08-24,2021,8,24,Tuesday
1319,2021-08-25,2021,8,25,Wednesday
1320,2021-08-26,2021,8,26,Thursday
1321,2021-08-27,2021,8,27,Friday
1322,2021-08-28,2021,8,28,Saturday
1323,2021-08-29,2021,8,29,Sunday
1324,2021-08-30,2021,8,30,Monday
1325,2021-08-31,2021,8,31,Tuesday
1326,2021-09-01,2021,9,1,Wednesday
1327,2021-09-02,2021,9,2,Thursday
1328,2021-09-03,2021,9,3,Friday
1329,2021-09-04,2021,9,4,Saturday
1330,2021-09-05,2021,9,5,Sunday
1331,2021-09-06,2021,9,6,Monday
1332,2021-09-07,2021,9,7,Tuesday
1333,2021-09-08,2021,9,8,Wednesday
1334,2021-09-09,2021,9,9,Thursday
1335,2021-09-10,2021,9,10,Friday
1336,2021-09-11,2021,9,11,Saturday
1337,2021-09-12,2021,9,12,Sunday
1338,2021-09-13,2021,9,13,Monday
1339,2021-09-14,2021,9,14,Tuesday
1340,2021-09-15,2021,9,15,Wednesday
1341,2021-09-16,2021,9,16,Thursday
1342,2021-09-17,2021,9,17,Friday
1343,2021-09-18,2021,9,18,Saturday
1344,2021-09-19,2021,9,19,Sunday
1345,2021-09-20,2021,9,20,Monday
1346,2021-09-21,2021,9,21,Tuesday
1347,2021-09-22,2021,9,22,Wednesday
1348,2021-09-23,2021,9,23,Thursday
1349,2021-09-24,2021,9,24,Friday
1350,2021-09-25,2021,9,25,Saturday
1351,2021-09-26,2021,9,26,Sunday
1352,2021-09-27,2021,9,27,Monday
1353,2021-09-28,2021,9,28,Tuesday
1354,2021-09-29,2021,9,29,Wednesday
1355,2021-09-30,2021,9,30,Thursday
1356,2021-10-01,2021,10,1,Friday
1357,2021-10-02,2021,10,2,Saturday
1358,2021-10-03,2021,10,3,Sunday
1359,2021-10-04,2021,10,4,Monday
1360,2021-10-05,2021,10,5,Tuesday
1361,2021-10-06,2021,10,6,Wednesday
1362,2021-10-07,2021,10,7,Thursday
1363,2021-10-08,2021,10,8,Friday
1364,2021-10-09,2021,10,9,Saturday
1365,2021-10-10,2021,10,10,Sunday
1366,2021-10-11,2021,10,11,Monday
1367,2021-10-12,2021,10,12,Tuesday
1368,2021-10-13,2021,10,13,Wednesday
1369,2021-10-14,2021,10,14,Thursday
1370,2021-10-15,2021,10,15,Friday
1371,2021-10-16,2021,10,16,Saturday
1372,2021-10-17,2021,10,17,Sunday
1373,2021-10-18,2021,10,18,Monday
1374,2021-10-19,2021,10,19,Tuesday
1375,2021-10-20,2021,10,20,Wednesday
1376,2021-10-21,2021,10,21,Thursday
1377,2021-10-22,2021,10,22,Friday
1378,2021-10-23,2021,10,23,Saturday
1379,2021-10-24,2021,10,24,Sunday
1380,2021-10-25,2021,10,25,Monday
1381,2021-10-26,2021,10,26,Tuesday
1382,2021-10-27,2021,10,27,Wednesday
1383,2021-10-28,2021,10,28,Thursday
1384,2021-10-29,2021,10,29,Friday
1385,2021-10-30,2021,10,30,Saturday
1386,2021-10-31,2021,10,31,Sunday
1387,2021-11-01,2021,11,1,Monday
1388,2021-11-02,2021,11,2,Tuesday
1389,2021-11-03,2021,11,3,Wednesday
1390,2021-11-04,2021,11,4,Thursday
1391,2021-11-05,2021,11,5,Friday
1392,2021-11-06,2021,11,6,Saturday
1393,2021-11-07,2021,11,7,Sunday
1394,2021-11-08,2021,11,8,Monday
1395,2021-11-09,2021,11,9,Tuesday
1396,2021-11-10,2021,11,10,Wednesday
1397,2021-11-11,2021,11,11,Thursday
1398,2021-11-12,2021,11,12,Friday
1399,2021-11-13,2021,11,13,Saturday
1400,2021-11-14,2021,11,14,Sunday
1401,2021-11-15,2021,11,15,Monday
1402,2021-11-16,2021,11,16,Tuesday
1403,2021-11-17,2021,11,17,Wednesday
1404,2021-11-18,2021,11,18,Thursday
1405,2021-11-19,2021,11,19,Friday
1406,2021-11-20,2021,11,20,Saturday
1407,2021-11-21,2021,11,21,Sunday
1408,2021-11-22,2021,11,22,Monday
1409,2021-11-23,2021,11,23,Tuesday
1410,2021-11-24,2021,11,24,Wednesday
1411,2021-11-25,2021,11,25,Thursday
1412,2021-11-26,2021,11,26,Friday
1413,2021-11-27,2021,11,27,Saturday
1414,2021-11-28,2021,11,28,Sunday
1415,2021-11-29,2021,11,29,Monday
1416,2021-11-30,2021,11,30,Tuesday
1417,2021-12-01,2021,12,1,Wednesday
1418,2021-12-02,2021,12,2,Thursday
1419,2021-12-03,2021,12,3,Friday
1420,2021-12-04,2021,12,4,Saturday
1421,2021-12-05,2021,12,5,Sunday
1422,2021-12-06,2021,12,6,Monday
1423,2021-12-07,2021,12,7,Tuesday
1424,2021-12-08,2021,12,8,Wednesday
1425,2021-12-09,2021,12,9,Thursday
1426,2021-12-10,2021,12,10,Friday
1427,2021-12-11,2021,12,11,Saturday
1428,2021-12-12,2021,12,12,Sunday
1429,2021-12-13,2021,12,13,Monday
1430,2021-12-14,2021,12,14,Tuesday
1431,2021-12-15,2021,12,15,Wednesday
1432,2021-12-16,2021,12,16,Thursday
1433,2021-12-17,2021,12,17,Friday
1434,2021-12-18,2021,12,18,Saturday
1435,2021-12-19,2021,12,19,Sunday
1436,2021-12-20,2021,12,20,Monday
1437,2021-12-21,2021,12,21,Tuesday
1438,2021-12-22,2021,12,22,Wednesday
1439,2021-12-23,2021,12,23,Thursday
1440,2021-12-24,2021,12,24,Friday
1441,2021-12-25,2021,12,25,Saturday
1442,2021-12-26,2021,12,26,Sunday
1443,2021-12-27,2021,12,27,Monday
1444,2021-12-28,2021,12,28,Tuesday
1445,2021-12-29,2021,12,29,Wednesday
1446,2021-12-30,2021,12,30,Thursday
1447,2021-12-31,2021,12,31,Friday
1448,2022-01-01,2022,1,1,Saturday
1449,2022-01-02,2022,1,2,Sunday
1450,2022-01-03,2022,1,3,Monday
1451,2022-01-04,2022,1,4,Tuesday
1452,2022-01-05,2022,1,5,Wednesday
1453,2022-01-06,2022,1,6,Thursday
1454,2022-01-07,2022,1,7,Friday
1455,2022-01-08,2022,1,8,Saturday
1456,2022-01-09,2022,1,9,Sunday
1457,2022-01-10,2022,1,10,Monday
1458,2022-01-11,2022,1,11,Tuesday
1459,2022-01-12,2022,1,12,Wednesday
1460,2022-01-13,2022,1,13,Thursday
1461,2022-01-14,2022,1,14,Friday
1462,2022-01-15,2022,1,15,Saturday
1463,2022-01-16,2022,1,16,Sunday
1464,2022-01-17,2022,1,17,Monday
1465,2022-01-18,2022,1,18,Tuesday
1466,2022-01-19,2022,1,19,Wednesday
1467,2022-01-20,2022,1,20,Thursday
1468,2022-01-21,2022,1,21,Friday
1469,2022-01-22,2022,1,22,Saturday
1470,2022-01-23,2022,1,23,Sunday
1471,2022-01-24,2022,1,24,Monday
1472,2022-01-25,2022,1,25,Tuesday
1473,2022-01-26,2022,1,26,Wednesday
1474,2022-01-27,2022,1,27,Thursday
1475,2022-01-28,2022,1,28,Friday
1476,2022-01-29,2022,1,29,Saturday
1477,2022-01-30,2022,1,30,Sunday
1478,2022-01-31,2022,1,31,Monday
1479,2022-02-01,2022,2,1,Tuesday
1480,2022-02-02,2022,2,2,Wednesday
1481,2022-02-03,2022,2,3,Thursday
1482,2022-02-04,2022,2,4,Friday
1483,2022-02-05,2022,2,5,Saturday
1484,2022-02-06,2022,2,6,Sunday
1485,2022-02-07,2022,2,7,Monday
1486,2022-02-08,2022,2,8,Tuesday
1487,2022-02-09,2022,2,9,Wednesday
1488,2022-02-10,2022,2,10,Thursday
1489,2022-02-11,2022,2,11,Friday
1490,2022-02-12,2022,2,12,Saturday
1491,2022-02-13,2022,2,13,Sunday
1492,2022-02-14,2022,2,14,Monday
1493,2022-02-15,2022,2,15,Tuesday
1494,2022-02-16,2022,2,16,Wednesday
1495,2022-02-17,2022,2,17,Thursday
1496,2022-02-18,2022,2,18,Friday
1497,2022-02-19,2022,2,19,Saturday
1498,2022-02-20,2022,2,20,Sunday
1499,2022-02-21,2022,2,21,Monday
1500,2022-02-22,2022,2,22,Tuesday
1501,2022-02-23,2022,2,23,Wednesday
1502,2022-02-24,2022,2,24,Thursday
1503,2022-02-25,2022,2,25,Friday
1504,2022-02-26,2022,2,26,Saturday
1505,2022-02-27,2022,2,27,Sunday
1506,2022-02-28,2022,2,28,Monday
1507,2022-03-01,2022,3,1,Tuesday
1508,2022-03-02,2022,3,2,Wednesday
1509,2022-03-03,2022,3,3,Thursday
1510,2022-03-04,2022,3,4,Friday
1511,2022-03-05,2022,3,5,Saturday
1512,2022-03-06,2022,3,6,Sunday
1513,2022-03-07,2022,3,7,Monday
1514,2022-03-08,2022,3,8,Tuesday
1515,2022-03-09,2022,3,9,Wednesday
1516,2022-03-10,2022,3,10,Thursday
1517,2022-03-11,2022,3,11,Friday
1518,2022-03-12,2022,3,12,Saturday
1519,2022-03-13,2022,3,13,Sunday
1520,2022-03-14,2022,3,14,Monday
1521,2022-03-15,2022,3,15,Tuesday
1522,2022-03-16,2022,3,16,Wednesday
1523,2022-03-17,2022,3,17,Thursday
1524,2022-03-18,2022,3,18,Friday
1525,2022-03-19,2022,3,19,Saturday
1526,2022-03-20,2022,3,20,Sunday
1527,2022-03-21,2022,3,21,Monday
1528,2022-03-22,2022,3,22,Tuesday
1529,2022-03-23,2022,3,23,Wednesday
1530,2022-03-24,2022,3,24,Thursday
1531,2022-03-25,2022,3,25,Friday
1532,2022-03-26,2022,3,26,Saturday
1533,2022-03-27,2022,3,27,Sunday
1534,2022-03-28,2022,3,28,Monday
1535,2022-03-29,2022,3,29,Tuesday
1536,2022-03-30,2022,3,30,Wednesday
1537,2022-03-31,2022,3,31,Thursday
1538,2022-04-01,2022,4,1,Friday
1539,2022-04-02,2022,4,2,Saturday
1540,2022-04-03,2022,4,3,Sunday
1541,2022-04-04,2022,4,4,Monday
1542,2022-04-05,2022,4,5,Tuesday
1543,2022-04-06,2022,4,6,Wednesday
1544,2022-04-07,2022,4,7,Thursday
1545,2022-04-08,2022,4,8,Friday
1546,2022-04-09,2022,4,9,Saturday
1547,2022-04-10,2022,4,10,Sunday
1548,2022-04-11,2022,4,11,Monday
1549,2022-04-12,2022,4,12,Tuesday
1550,2022-04-13,2022,4,13,Wednesday
1551,2022-04-14,2022,4,14,Thursday
1552,2022-04-15,2022,4,15,Friday
1553,2022-04-16,2022,4,16,Saturday
1554,2022-04-17,2022,4,17,Sunday
1555,2022-04-18,2022,4,18,Monday
1556,2022-04-19,2022,4,19,Tuesday
1557,2022-04-20,2022,4,20,Wednesday
1558,2022-04-21,2022,4,21,Thursday
1559,2022-04-22,2022,4,22,Friday
1560,2022-04-23,2022,4,23,Saturday
1561,2022-04-24,2022,4,24,Sunday
1562,2022-04-25,2022,4,25,Monday
1563,2022-04-26,2022,4,26,Tuesday
1564,2022-04-27,2022,4,27,Wednesday
1565,2022-04-28,2022,4,28,Thursday
1566,2022-04-29,2022,4,29,Friday
1567,2022-04-30,2022,4,30,Saturday
1568,2022-05-01,2022,5,1,Sunday
1569,2022-05-02,2022,5,2,Monday
1570,2022-05-03,2022,5,3,Tuesday
1571,2022-05-04,2022,5,4,Wednesday
1572,2022-05-05,2022,5,5,Thursday
1573,2022-05-06,2022,5,6,Friday
1574,2022-05-07,2022,5,7,Saturday
1575,2022-05-08,2022,5,8,Sunday
1576,2022-05-09,2022,5,9,Monday
1577,2022-05-10,2022,5,10,Tuesday
1578,2022-05-11,2022,5,11,Wednesday
1579,2022-05-12,2022,5,12,Thursday
1580,2022-05-13,2022,5,13,Friday
1581,2022-05-14,2022,5,14,Saturday
1582,2022-05-15,2022,5,15,Sunday
1583,2022-05-16,2022,5,16,Monday
1584,2022-05-17,2022,5,17,Tuesday
1585,2022-05-18,2022,5,18,Wednesday
1586,2022-05-19,2022,5,19,Thursday
1587,2022-05-20,2022,5,20,Friday
1588,2022-05-21,2022,5,21,Saturday
1589,2022-05-22,2022,5,22,Sunday
1590,2022-05-23,2022,5,23,Monday
1591,2022-05-24,2022,5,24,Tuesday
1592,2022-05-25,2022,5,25,Wednesday
1593,2022-05-26,2022,5,26,Thursday
1594,2022-05-27,2022,5,27,Friday
1595,2022-05-28,2022,5,28,Saturday
1596,2022-05-29,2022,5,29,Sunday
1597,2022-05-30,2022,5,30,Monday
1598,2022-05-31,2022,5,31,Tuesday
1599,2022-06-01,2022,6,1,Wednesday
1600,2022-06-02,2022,6,2,Thursday
1601,2022-06-03,2022,6,3,Friday
1602,2022-06-04,2022,6,4,Saturday
1603,2022-06-05,2022,6,5,Sunday
1604,2022-06-06,2022,6,6,Monday
1605,2022-06-07,2022,6,7,Tuesday
1606,2022-06-08,2022,6,8,Wednesday
1607,2022-06-09,2022,6,9,Thursday
1608,2022-06-10,2022,6,10,Friday
1609,2022-06-11,2022,6,11,Saturday
1610,2022-06-12,2022,6,12,Sunday
1611,2022-06-13,2022,6,13,Monday
1612,2022-06-14,2022,6,14,Tuesday
1613,2022-06-15,2022,6,15,Wednesday
1614,2022-06-16,2022,6,16,Thursday
1615,2022-06-17,2022,6,17,Friday
1616,2022-06-18,2022,6,18,Saturday
1617,2022-06-19,2022,6,19,Sunday
1618,2022-06-20,2022,6,20,Monday
1619,2022-06-21,2022,6,21,Tuesday
1620,2022-06-22,2022,6,22,Wednesday
1621,2022-06-23,2022,6,23,Thursday
1622,2022-06-24,2022,6,24,Friday
1623,2022-06-25,2022,6,25,Saturday
1624,2022-06-26,2022,6,26,Sunday
1625,2022-06-27,2022,6,27,Monday
1626,2022-06-28,2022,6,28,Tuesday
1627,2022-06-29,2022,6,29,Wednesday
1628,2022-06-30,2022,6,30,Thursday
1629,2022-07-01,2022,7,1,Friday
1630,2022-07-02,2022,7,2,Saturday
1631,2022-07-03,2022,7,3,Sunday
1632,2022-07-04,2022,7,4,Monday
1633,2022-07-05,2022,7,5,Tuesday
1634,2022-07-06,2022,7,6,Wednesday
1635,2022-07-07,2022,7,7,Thursday
1636,2022-07-08,2022,7,8,Friday
1637,2022-07-09,2022,7,9,Saturday
1638,2022-07-10,2022,7,10,Sunday
1639,2022-07-11,2022,7,11,Monday
1640,2022-07-12,2022,7,12,Tuesday
1641,2022-07-13,2022,7,13,Wednesday
1642,2022-07-14,2022,7,14,Thursday
1643,2022-07-15,2022,7,15,Friday
1644,2022-07-16,2022,7,16,Saturday
1645,2022-07-17,2022,7,17,Sunday
1646,2022-07-18,2022,7,18,Monday
1647,2022-07-19,2022,7,19,Tuesday
1648,2022-07-20,2022,7,20,Wednesday
1649,2022-07-21,2022,7,21,Thursday
1650,2022-07-22,2022,7,22,Friday
1651,2022-07-23,2022,7,23,Saturday
1652,2022-07-24,2022,7,24,Sunday
1653,2022-07-25,2022,7,25,Monday
1654,2022-07-26,2022,7,26,Tuesday
1655,2022-07-27,2022,7,27,Wednesday
1656,2022-07-28,2022,7,28,Thursday
1657,2022-07-29,2022,7,29,Friday
1658,2022-07-30,2022,7,30,Saturday
1659,2022-07-31,2022,7,31,Sunday
1660,2022-08-01,2022,8,1,Monday
1661,2022-08-02,2022,8,2,Tuesday
1662,2022-08-03,2022,8,3,Wednesday
1663,2022-08-04,2022,8,4,Thursday
1664,2022-08-05,2022,8,5,Friday
1665,2022-08-06,2022,8,6,Saturday
1666,2022-08-07,2022,8,7,Sunday
1667,2022-08-08,2022,8,8,Monday
1668,2022-08-09,2022,8,9,Tuesday
1669,2022-08-10,2022,8,10,Wednesday
1670,2022-08-11,2022,8,11,Thursday
1671,2022-08-12,2022,8,12,Friday
1672,2022-08-13,2022,8,13,Saturday
1673,2022-08-14,2022,8,14,Sunday
1674,2022-08-15,2022,8,15,Monday
1675,2022-08-16,2022,8,16,Tuesday
1676,2022-08-17,2022,8,17,Wednesday
1677,2022-08-18,2022,8,18,Thursday
1678,2022-08-19,2022,8,19,Friday
1679,2022-08-20,2022,8,20,Saturday
1680,2022-08-21,2022,8,21,Sunday
1681,2022-08-22,2022,8,22,Monday
1682,2022-08-23,2022,8,23,Tuesday
1683,2022-08-24,2022,8,24,Wednesday
1684,2022-08-25,2022,8,25,Thursday
1685,2022-08-26,2022,8,26,Friday
1686,2022-08-27,2022,8,27,Saturday
1687,2022-08-28,2022,8,28,Sunday
1688,2022-08-29,2022,8,29,Monday
1689,2022-08-30,2022,8,30,Tuesday
1690,2022-08-31,2022,8,31,Wednesday
1691,2022-09-01,2022,9,1,Thursday
1692,2022-09-02,2022,9,2,Friday
1693,2022-09-03,2022,9,3,Saturday
1694,2022-09-04,2022,9,4,Sunday
1695,2022-09-05,2022,9,5,Monday
1696,2022-09-06,2022,9,6,Tuesday
1697,2022-09-07,2022,9,7,Wednesday
1698,2022-09-08,2022,9,8,Thursday
1699,2022-09-09,2022,9,9,Friday
1700,2022-09-10,2022,9,10,Saturday
1701,2022-09-11,2022,9,11,Sunday
1702,2022-09-12,2022,9,12,Monday
1703,2022-09-13,2022,9,13,Tuesday
1704,2022-09-14,2022,9,14,Wednesday
1705,2022-09-15,2022,9,15,Thursday
1706,2022-09-16,2022,9,16,Friday
1707,2022-09-17,2022,9,17,Saturday
1708,2022-09-18,2022,9,18,Sunday
1709,2022-09-19,2022,9,19,Monday
1710,2022-09-20,2022,9,20,Tuesday
1711,2022-09-21,2022,9,21,Wednesday
1712,2022-09-22,2022,9,22,Thursday
1713,2022-09-23,2022,9,23,Friday
1714,2022-09-24,2022,9,24,Saturday
1715,2022-09-25,2022,9,25,Sunday
1716,2022-09-26,2022,9,26,Monday
1717,2022-09-27,2022,9,27,Tuesday
1718,2022-09-28,2022,9,28,Wednesday
1719,2022-09-29,2022,9,29,Thursday
1720,2022-09-30,2022,9,30,Friday
1721,2022-10-01,2022,10,1,Saturday
1722,2022-10-02,2022,10,2,Sunday
1723,2022-10-03,2022,10,3,Monday
1724,2022-10-04,2022,10,4,Tuesday
1725,2022-10-05,2022,10,5,Wednesday
1726,2022-10-06,2022,10,6,Thursday
1727,2022-10-07,2022,10,7,Friday
1728,2022-10-08,2022,10,8,Saturday
1729,2022-10-09,2022,10,9,Sunday
1730,2022-10-10,2022,10,10,Monday
1731,2022-10-11,2022,10,11,Tuesday
1732,2022-10-12,2022,10,12,Wednesday
1733,2022-10-13,2022,10,13,Thursday
1734,2022-10-14,2022,10,14,Friday
1735,2022-10-15,2022,10,15,Saturday
1736,2022-10-16,2022,10,16,Sunday
1737,2022-10-17,2022,10,17,Monday
1738,2022-10-18,2022,10,18,Tuesday
1739,2022-10-19,2022,10,19,Wednesday
1740,2022-10-20,2022,10,20,Thursday
1741,2022-10-21,2022,10,21,Friday
1742,2022-10-22,2022,10,22,Saturday
1743,2022-10-23,2022,10,23,Sunday
1744,2022-10-24,2022,10,24,Monday
1745,2022-10-25,2022,10,25,Tuesday
1746,2022-10-26,2022,10,26,Wednesday
1747,2022-10-27,2022,10,27,Thursday
1748,2022-10-28,2022,10,28,Friday
1749,2022-10-29,2022,10,29,Saturday
1750,2022-10-30,2022,10,30,Sunday
1751,2022-10-31,2022,10,31,Monday
1752,2022-11-01,2022,11,1,Tuesday
1753,2022-11-02,2022,11,2,Wednesday
1754,2022-11-03,2022,11,3,Thursday
1755,2022-11-04,2022,11,4,Friday
1756,2022-11-05,2022,11,5,Saturday
1757,2022-11-06,2022,11,6,Sunday
1758,2022-11-07,2022,11,7,Monday
1759,2022-11-08,2022,11,8,Tuesday
1760,2022-11-09,2022,11,9,Wednesday
1761,2022-11-10,2022,11,10,Thursday
1762,2022-11-11,2022,11,11,Friday
1763,2022-11-12,2022,11,12,Saturday
1764,2022-11-13,2022,11,13,Sunday
1765,2022-11-14,2022,11,14,Monday
1766,2022-11-15,2022,11,15,Tuesday
1767,2022-11-16,2022,11,16,Wednesday
1768,2022-11-17,2022,11,17,Thursday
1769,2022-11-18,2022,11,18,Friday
1770,2022-11-19,2022,11,19,Saturday
1771,2022-11-20,2022,11,20,Sunday
1772,2022-11-21,2022,11,21,Monday
1773,2022-11-22,2022,11,22,Tuesday
1774,2022-11-23,2022,11,23,Wednesday
1775,2022-11-24,2022,11,24,Thursday
1776,2022-11-25,2022,11,25,Friday
1777,2022-11-26,2022,11,26,Saturday
1778,2022-11-27,2022,11,27,Sunday
1779,2022-11-28,2022,11,28,Monday
1780,2022-11-29,2022,11,29,Tuesday
1781,2022-11-30,2022,11,30,Wednesday
1782,2022-12-01,2022,12,1,Thursday
1783,2022-12-02,2022,12,2,Friday
1784,2022-12-03,2022,12,3,Saturday
1785,2022-12-04,2022,12,4,Sunday
1786,2022-12-05,2022,12,5,Monday
1787,2022-12-06,2022,12,6,Tuesday
1788,2022-12-07,2022,12,7,Wednesday
1789,2022-12-08,2022,12,8,Thursday
1790,2022-12-09,2022,12,9,Friday
1791,2022-12-10,2022,12,10,Saturday
1792,2022-12-11,2022,12,11,Sunday
1793,2022-12-12,2022,12,12,Monday
1794,2022-12-13,2022,12,13,Tuesday
1795,2022-12-14,2022,12,14,Wednesday
1796,2022-12-15,2022,12,15,Thursday
1797,2022-12-16,2022,12,16,Friday
1798,2022-12-17,2022,12,17,Saturday
1799,2022-12-18,2022,12,18,Sunday
1800,2022-12-19,2022,12,19,Monday
1801,2022-12-20,2022,12,20,Tuesday
1802,2022-12-21,2022,12,21,Wednesday
1803,2022-12-22,2022,12,22,Thursday
1804,2022-12-23,2022,12,23,Friday
1805,2022-12-24,2022,12,24,Saturday
1806,2022-12-25,2022,12,25,Sunday
1807,2022-12-26,2022,12,26,Monday
1808,2022-12-27,2022,12,27,Tuesday
1809,2022-12-28,2022,12,28,Wednesday
1810,2022-12-29,2022,12,29,Thursday
1811,2022-12-30,2022,12,30,Friday
1812,2022-12-31,2022,12,31,Saturday
1813,2023-01-01,2023,1,1,Sunday
1814,2023-01-02,2023,1,2,Monday
1815,2023-01-03,2023,1,3,Tuesday
1816,2023-01-04,2023,1,4,Wednesday
1817,2023-01-05,2023,1,5,Thursday
1818,2023-01-06,2023,1,6,Friday
1819,2023-01-07,2023,1,7,Saturday
1820,2023-01-08,2023,1,8,Sunday
1821,2023-01-09,2023,1,9,Monday
1822,2023-01-10,2023,1,10,Tuesday
1823,2023-01-11,2023,1,11,Wednesday
1824,2023-01-12,2023,1,12,Thursday
1825,2023-01-13,2023,1,13,Friday
1826,2023-01-14,2023,1,14,Saturday
1827,2023-01-15,2023,1,15,Sunday
1828,2023-01-16,2023,1,16,Monday
1829,2023-01-17,2023,1,17,Tuesday
1830,2023-01-18,2023,1,18,Wednesday
1831,2023-01-19,2023,1,19,Thursday
1832,2023-01-20,2023,1,20,Friday
1833,2023-01-21,2023,1,21,Saturday
1834,2023-01-22,2023,1,22,Sunday
1835,2023-01-23,2023,1,23,Monday
1836,2023-01-24,2023,1,24,Tuesday
1837,2023-01-25,2023,1,25,Wednesday
1838,2023-01-26,2023,1,26,Thursday
1839,2023-01-27,2023,1,27,Friday
1840,2023-01-28,2023,1,28,Saturday
1841,2023-01-29,2023,1,29,Sunday
1842,2023-01-30,2023,1,30,Monday
1843,2023-01-31,2023,1,31,Tuesday
1844,2023-02-01,2023,2,1,Wednesday
1845,2023-02-02,2023,2,2,Thursday
1846,2023-02-03,2023,2,3,Friday
1847,2023-02-04,2023,2,4,Saturday
1848,2023-02-05,2023,2,5,Sunday
1849,2023-02-06,2023,2,6,Monday
1850,2023-02-07,2023,2,7,Tuesday
1851,2023-02-08,2023,2,8,Wednesday
1852,2023-02-09,2023,2,9,Thursday
1853,2023-02-10,2023,2,10,Friday
1854,2023-02-11,2023,2,11,Saturday
1855,2023-02-12,2023,2,12,Sunday
1856,2023-02-13,2023,2,13,Monday
1857,2023-02-14,2023,2,14,Tuesday
1858,2023-02-15,2023,2,15,Wednesday
1859,2023-02-16,2023,2,16,Thursday
1860,2023-02-17,2023,2,17,Friday
1861,2023-02-18,2023,2,18,Saturday
1862,2023-02-19,2023,2,19,Sunday
1863,2023-02-20,2023,2,20,Monday
1864,2023-02-21,2023,2,21,Tuesday
1865,2023-02-22,2023,2,22,Wednesday
1866,2023-02-23,2023,2,23,Thursday
1867,2023-02-24,2023,2,24,Friday
1868,2023-02-25,2023,2,25,Saturday
1869,2023-02-26,2023,2,26,Sunday
1870,2023-02-27,2023,2,27,Monday
1871,2023-02-28,2023,2,28,Tuesday
1872,2023-03-01,2023,3,1,Wednesday
1873,2023-03-02,2023,3,2,Thursday
1874,2023-03-03,2023,3,3,Friday
1875,2023-03-04,2023,3,4,Saturday
1876,2023-03-05,2023,3,5,Sunday
1877,2023-03-06,2023,3,6,Monday
1878,2023-03-07,2023,3,7,Tuesday
1879,2023-03-08,2023,3,8,Wednesday
1880,2023-03-09,2023,3,9,Thursday
1881,2023-03-10,2023,3,10,Friday
1882,2023-03-11,2023,3,11,Saturday
1883,2023-03-12,2023,3,12,Sunday
1884,2023-03-13,2023,3,13,Monday
1885,2023-03-14,2023,3,14,Tuesday
1886,2023-03-15,2023,3,15,Wednesday
1887,2023-03-16,2023,3,16,Thursday
1888,2023-03-17,2023,3,17,Friday
1889,2023-03-18,2023,3,18,Saturday
1890,2023-03-19,2023,3,19,Sunday
1891,2023-03-20,2023,3,20,Monday
1892,2023-03-21,2023,3,21,Tuesday
1893,2023-03-22,2023,3,22,Wednesday
1894,2023-03-23,2023,3,23,Thursday
1895,2023-03-24,2023,3,24,Friday
1896,2023-03-25,2023,3,25,Saturday
1897,2023-03-26,2023,3,26,Sunday
1898,2023-03-27,2023,3,27,Monday
1899,2023-03-28,2023,3,28,Tuesday
1900,2023-03-29,2023,3,29,Wednesday
1901,2023-03-30,2023,3,30,Thursday
1902,2023-03-31,2023,3,31,Friday
1903,2023-04-01,2023,4,1,Saturday
1904,2023-04-02,2023,4,2,Sunday
1905,2023-04-03,2023,4,3,Monday
1906,2023-04-04,2023,4,4,Tuesday
1907,2023-04-05,2023,4,5,Wednesday
1908,2023-04-06,2023,4,6,Thursday
1909,2023-04-07,2023,4,7,Friday
1910,2023-04-08,2023,4,8,Saturday
1911,2023-04-09,2023,4,9,Sunday
1912,2023-04-10,2023,4,10,Monday
1913,2023-04-11,2023,4,11,Tuesday
1914,2023-04-12,2023,4,12,Wednesday
1915,2023-04-13,2023,4,13,Thursday
1916,2023-04-14,2023,4,14,Friday
1917,2023-04-15,2023,4,15,Saturday
1918,2023-04-16,2023,4,16,Sunday
1919,2023-04-17,2023,4,17,Monday
1920,2023-04-18,2023,4,18,Tuesday
1921,2023-04-19,2023,4,19,Wednesday
1922,2023-04-20,2023,4,20,Thursday
1923,2023-04-21,2023,4,21,Friday
1924,2023-04-22,2023,4,22,Saturday
1925,2023-04-23,2023,4,23,Sunday
1926,2023-04-24,2023,4,24,Monday
1927,2023-04-25,2023,4,25,Tuesday
1928,2023-04-26,2023,4,26,Wednesday
1929,2023-04-27,2023,4,27,Thursday
1930,2023-04-28,2023,4,28,Friday
1931,2023-04-29,2023,4,29,Saturday
1932,2023-04-30,2023,4,30,Sunday
1933,2023-05-01,2023,5,1,Monday
1934,2023-05-02,2023,5,2,Tuesday
1935,2023-05-03,2023,5,3,Wednesday
1936,2023-05-04,2023,5,4,Thursday
1937,2023-05-05,2023,5,5,Friday
1938,2023-05-06,2023,5,6,Saturday
1939,2023-05-07,2023,5,7,Sunday
1940,2023-05-08,2023,5,8,Monday
1941,2023-05-09,2023,5,9,Tuesday
1942,2023-05-10,2023,5,10,Wednesday
1943,2023-05-11,2023,5,11,Thursday
1944,2023-05-12,2023,5,12,Friday
1945,2023-05-13,2023,5,13,Saturday
1946,2023-05-14,2023,5,14,Sunday
1947,2023-05-15,2023,5,15,Monday
1948,2023-05-16,2023,5,16,Tuesday
1949,2023-05-17,2023,5,17,Wednesday
1950,2023-05-18,2023,5,18,Thursday
1951,2023-05-19,2023,5,19,Friday
1952,2023-05-20,2023,5,20,Saturday
1953,2023-05-21,2023,5,21,Sunday
1954,2023-05-22,2023,5,22,Monday
1955,2023-05-23,2023,5,23,Tuesday
1956,2023-05-24,2023,5,24,Wednesday
1957,2023-05-25,2023,5,25,Thursday
1958,2023-05-26,2023,5,26,Friday
1959,2023-05-27,2023,5,27,Saturday
1960,2023-05-28,2023,5,28,Sunday
1961,2023-05-29,2023,5,29,Monday
1962,2023-05-30,2023,5,30,Tuesday
1963,2023-05-31,2023,5,31,Wednesday
1964,2023-06-01,2023,6,1,Thursday
1965,2023-06-02,2023,6,2,Friday
1966,2023-06-03,2023,6,3,Saturday
1967,2023-06-04,2023,6,4,Sunday
1968,2023-06-05,2023,6,5,Monday
1969,2023-06-06,2023,6,6,Tuesday
1970,2023-06-07,2023,6,7,Wednesday
1971,2023-06-08,2023,6,8,Thursday
1972,2023-06-09,2023,6,9,Friday
1973,2023-06-10,2023,6,10,Saturday
1974,2023-06-11,2023,6,11,Sunday
1975,2023-06-12,2023,6,12,Monday
1976,2023-06-13,2023,6,13,Tuesday
1977,2023-06-14,2023,6,14,Wednesday
1978,2023-06-15,2023,6,15,Thursday
1979,2023-06-16,2023,6,16,Friday
1980,2023-06-17,2023,6,17,Saturday
1981,2023-06-18,2023,6,18,Sunday
1982,2023-06-19,2023,6,19,Monday
1983,2023-06-20,2023,6,20,Tuesday
1984,2023-06-21,2023,6,21,Wednesday
1985,2023-06-22,2023,6,22,Thursday
1986,2023-06-23,2023,6,23,Friday
1987,2023-06-24,2023,6,24,Saturday
1988,2023-06-25,2023,6,25,Sunday
1989,2023-06-26,2023,6,26,Monday
1990,2023-06-27,2023,6,27,Tuesday
1991,2023-06-28,2023,6,28,Wednesday
1992,2023-06-29,2023,6,29,Thursday
1993,2023-06-30,2023,6,30,Friday
1994,2023-07-01,2023,7,1,Saturday
1995,2023-07-02,2023,7,2,Sunday
1996,2023-07-03,2023,7,3,Monday
1997,2023-07-04,2023,7,4,Tuesday
1998,2023-07-05,2023,7,5,Wednesday
1999,2023-07-06,2023,7,6,Thursday
2000,2023-07-07,2023,7,7,Friday
2001,2023-07-08,2023,7,8,Saturday
2002,2023-07-09,2023,7,9,Sunday
2003,2023-07-10,2023,7,10,Monday
2004,2023-07-11,2023,7,11,Tuesday
2005,2023-07-12,2023,7,12,Wednesday
2006,2023-07-13,2023,7,13,Thursday
2007,2023-07-14,2023,7,14,Friday
2008,2023-07-15,2023,7,15,Saturday
2009,2023-07-16,2023,7,16,Sunday
2010,2023-07-17,2023,7,17,Monday
2011,2023-07-18,2023,7,18,Tuesday
2012,2023-07-19,2023,7,19,Wednesday
2013,2023-07-20,2023,7,20,Thursday
2014,2023-07-21,2023,7,21,Friday
2015,2023-07-22,2023,7,22,Saturday
2016,2023-07-23,2023,7,23,Sunday
2017,2023-07-24,2023,7,24,Monday
2018,2023-07-25,2023,7,25,Tuesday
2019,2023-07-26,2023,7,26,Wednesday
2020,2023-07-27,2023,7,27,Thursday
2021,2023-07-28,2023,7,28,Friday
2022,2023-07-29,2023,7,29,Saturday
2023,2023-07-30,2023,7,30,Sunday
2024,2023-07-31,2023,7,31,Monday
2025,2023-08-01,2023,8,1,Tuesday
2026,2023-08-02,2023,8,2,Wednesday
2027,2023-08-03,2023,8,3,Thursday
2028,2023-08-04,2023,8,4,Friday
2029,2023-08-05,2023,8,5,Saturday
2030,2023-08-06,2023,8,6,Sunday
2031,2023-08-07,2023,8,7,Monday
2032,2023-08-08,2023,8,8,Tuesday
2033,2023-08-09,2023,8,9,Wednesday
2034,2023-08-10,2023,8,10,Thursday
2035,2023-08-11,2023,8,11,Friday
2036,2023-08-12,2023,8,12,Saturday
2037,2023-08-13,2023,8,13,Sunday
2038,2023-08-14,2023,8,14,Monday
2039,2023-08-15,2023,8,15,Tuesday
2040,2023-08-16,2023,8,16,Wednesday
2041,2023-08-17,2023,8,17,Thursday
2042,2023-08-18,2023,8,18,Friday
2043,2023-08-19,2023,8,19,Saturday
2044,2023-08-20,2023,8,20,Sunday
2045,2023-08-21,2023,8,21,Monday
2046,2023-08-22,2023,8,22,Tuesday
2047,2023-08-23,2023,8,23,Wednesday
2048,2023-08-24,2023,8,24,Thursday
2049,2023-08-25,2023,8,25,Friday
2050,2023-08-26,2023,8,26,Saturday
2051,2023-08-27,2023,8,27,Sunday
2052,2023-08-28,2023,8,28,Monday
2053,2023-08-29,2023,8,29,Tuesday
2054,2023-08-30,2023,8,30,Wednesday
2055,2023-08-31,2023,8,31,Thursday
2056,2023-09-01,2023,9,1,Friday
2057,2023-09-02,2023,9,2,Saturday
2058,2023-09-03,2023,9,3,Sunday
2059,2023-09-04,2023,9,4,Monday
2060,2023-09-05,2023,9,5,Tuesday
2061,2023-09-06,2023,9,6,Wednesday
2062,2023-09-07,2023,9,7,Thursday
2063,2023-09-08,2023,9,8,Friday
2064,2023-09-09,2023,9,9,Saturday
2065,2023-09-10,2023,9,10,Sunday
2066,2023-09-11,2023,9,11,Monday
2067,2023-09-12,2023,9,12,Tuesday
2068,2023-09-13,2023,9,13,Wednesday
2069,2023-09-14,2023,9,14,Thursday
2070,2023-09-15,2023,9,15,Friday
2071,2023-09-16,2023,9,16,Saturday
2072,2023-09-17,2023,9,17,Sunday
2073,2023-09-18,2023,9,18,Monday
2074,2023-09-19,2023,9,19,Tuesday
2075,2023-09-20,2023,9,20,Wednesday
2076,2023-09-21,2023,9,21,Thursday
2077,2023-09-22,2023,9,22,Friday
2078,2023-09-23,2023,9,23,Saturday
2079,2023-09-24,2023,9,24,Sunday
2080,2023-09-25,2023,9,25,Monday
2081,2023-09-26,2023,9,26,Tuesday
2082,2023-09-27,2023,9,27,Wednesday
2083,2023-09-28,2023,9,28,Thursday
2084,2023-09-29,2023,9,29,Friday
2085,2023-09-30,2023,9,30,Saturday
2086,2023-10-01,2023,10,1,Sunday
2087,2023-10-02,2023,10,2,Monday
2088,2023-10-03,2023,10,3,Tuesday
2089,2023-10-04,2023,10,4,Wednesday
2090,2023-10-05,2023,10,5,Thursday
2091,2023-10-06,2023,10,6,Friday
2092,2023-10-07,2023,10,7,Saturday
2093,2023-10-08,2023,10,8,Sunday
2094,2023-10-09,2023,10,9,Monday
2095,2023-10-10,2023,10,10,Tuesday
2096,2023-10-11,2023,10,11,Wednesday
2097,2023-10-12,2023,10,12,Thursday
2098,2023-10-13,2023,10,13,Friday
2099,2023-10-14,2023,10,14,Saturday
2100,2023-10-15,2023,10,15,Sunday
2101,2023-10-16,2023,10,16,Monday
2102,2023-10-17,2023,10,17,Tuesday
2103,2023-10-18,2023,10,18,Wednesday
2104,2023-10-19,2023,10,19,Thursday
2105,2023-10-20,2023,10,20,Friday
2106,2023-10-21,2023,10,21,Saturday
2107,2023-10-22,2023,10,22,Sunday
2108,2023-10-23,2023,10,23,Monday
2109,2023-10-24,2023,10,24,Tuesday
2110,2023-10-25,2023,10,25,Wednesday
2111,2023-10-26,2023,10,26,Thursday
2112,2023-10-27,2023,10,27,Friday
2113,2023-10-28,2023,10,28,Saturday
2114,2023-10-29,2023,10,29,Sunday
2115,2023-10-30,2023,10,30,Monday
2116,2023-10-31,2023,10,31,Tuesday
2117,2023-11-01,2023,11,1,Wednesday
2118,2023-11-02,2023,11,2,Thursday
2119,2023-11-03,2023,11,3,Friday
2120,2023-11-04,2023,11,4,Saturday
2121,2023-11-05,2023,11,5,Sunday
2122,2023-11-06,2023,11,6,Monday
2123,2023-11-07,2023,11,7,Tuesday
2124,2023-11-08,2023,11,8,Wednesday
2125,2023-11-09,2023,11,9,Thursday
2126,2023-11-10,2023,11,10,Friday
2127,2023-11-11,2023,11,11,Saturday
2128,2023-11-12,2023,11,12,Sunday
2129,2023-11-13,2023,11,13,Monday
2130,2023-11-14,2023,11,14,Tuesday
2131,2023-11-15,2023,11,15,Wednesday
2132,2023-11-16,2023,11,16,Thursday
2133,2023-11-17,2023,11,17,Friday
2134,2023-11-18,2023,11,18,Saturday
2135,2023-11-19,2023,11,19,Sunday
2136,2023-11-20,2023,11,20,Monday
2137,2023-11-21,2023,11,21,Tuesday
2138,2023-11-22,2023,11,22,Wednesday
2139,2023-11-23,2023,11,23,Thursday
2140,2023-11-24,2023,11,24,Friday
2141,2023-11-25,2023,11,25,Saturday
2142,2023-11-26,2023,11,26,Sunday
2143,2023-11-27,2023,11,27,Monday
2144,2023-11-28,2023,11,28,Tuesday
2145,2023-11-29,2023,11,29,Wednesday
2146,2023-11-30,2023,11,30,Thursday
2147,2023-12-01,2023,12,1,Friday
2148,2023-12-02,2023,12,2,Saturday
2149,2023-12-03,2023,12,3,Sunday
2150,2023-12-04,2023,12,4,Monday
2151,2023-12-05,2023,12,5,Tuesday
2152,2023-12-06,2023,12,6,Wednesday
2153,2023-12-07,2023,12,7,Thursday
2154,2023-12-08,2023,12,8,Friday
2155,2023-12-09,2023,12,9,Saturday
2156,2023-12-10,2023,12,10,Sunday
2157,2023-12-11,2023,12,11,Monday
2158,2023-12-12,2023,12,12,Tuesday
2159,2023-12-13,2023,12,13,Wednesday
2160,2023-12-14,2023,12,14,Thursday
2161,2023-12-15,2023,12,15,Friday
2162,2023-12-16,2023,12,16,Saturday
2163,2023-12-17,2023,12,17,Sunday
2164,2023-12-18,2023,12,18,Monday
2165,2023-12-19,2023,12,19,Tuesday
2166,2023-12-20,2023,12,20,Wednesday
2167,2023-12-21,2023,12,21,Thursday
2168,2023-12-22,2023,12,22,Friday
2169,2023-12-23,2023,12,23,Saturday
2170,2023-12-24,2023,12,24,Sunday
2171,2023-12-25,2023,12,25,Monday
2172,2023-12-26,2023,12,26,Tuesday
2173,2023-12-27,2023,12,27,Wednesday
2174,2023-12-28,2023,12,28,Thursday
2175,2023-12-29,2023,12,29,Friday
2176,2023-12-30,2023,12,30,Saturday
2177,2023-12-31,2023,12,31,Sunday
2178,2024-01-01,2024,1,1,Monday
2179,2024-01-02,2024,1,2,Tuesday
2180,2024-01-03,2024,1,3,Wednesday
2181,2024-01-04,2024,1,4,Thursday
2182,2024-01-05,2024,1,5,Friday
2183,2024-01-06,2024,1,6,Saturday
2184,2024-01-07,2024,1,7,Sunday
2185,2024-01-08,2024,1,8,Monday
2186,2024-01-09,2024,1,9,Tuesday
2187,2024-01-10,2024,1,10,Wednesday
2188,2024-01-11,2024,1,11,Thursday
2189,2024-01-12,2024,1,12,Friday
2190,2024-01-13,2024,1,13,Saturday
2191,2024-01-14,2024,1,14,Sunday
2192,2024-01-15,2024,1,15,Monday
2193,2024-01-16,2024,1,16,Tuesday
2194,2024-01-17,2024,1,17,Wednesday
2195,2024-01-18,2024,1,18,Thursday
2196,2024-01-19,2024,1,19,Friday
2197,2024-01-20,2024,1,20,Saturday
2198,2024-01-21,2024,1,21,Sunday
2199,2024-01-22,2024,1,22,Monday
2200,2024-01-23,2024,1,23,Tuesday
2201,2024-01-24,2024,1,24,Wednesday
2202,2024-01-25,2024,1,25,Thursday
2203,2024-01-26,2024,1,26,Friday
2204,2024-01-27,2024,1,27,Saturday
2205,2024-01-28,2024,1,28,Sunday
2206,2024-01-29,2024,1,29,Monday
2207,2024-01-30,2024,1,30,Tuesday
2208,2024-01-31,2024,1,31,Wednesday
2209,2024-02-01,2024,2,1,Thursday
2210,2024-02-02,2024,2,2,Friday
2211,2024-02-03,2024,2,3,Saturday
2212,2024-02-04,2024,2,4,Sunday
2213,2024-02-05,2024,2,5,Monday
2214,2024-02-06,2024,2,6,Tuesday
2215,2024-02-07,2024,2,7,Wednesday
2216,2024-02-08,2024,2,8,Thursday
2217,2024-02-09,2024,2,9,Friday
2218,2024-02-10,2024,2,10,Saturday
2219,2024-02-11,2024,2,11,Sunday
2220,2024-02-12,2024,2,12,Monday
2221,2024-02-13,2024,2,13,Tuesday
2222,2024-02-14,2024,2,14,Wednesday
2223,2024-02-15,2024,2,15,Thursday
2224,2024-02-16,2024,2,16,Friday
2225,2024-02-17,2024,2,17,Saturday
2226,2024-02-18,2024,2,18,Sunday
2227,2024-02-19,2024,2,19,Monday
2228,2024-02-20,2024,2,20,Tuesday
2229,2024-02-21,2024,2,21,Wednesday
2230,2024-02-22,2024,2,22,Thursday
2231,2024-02-23,2024,2,23,Friday
2232,2024-02-24,2024,2,24,Saturday
2233,2024-02-25,2024,2,25,Sunday
2234,2024-02-26,2024,2,26,Monday
2235,2024-02-27,2024,2,27,Tuesday
2236,2024-02-28,2024,2,28,Wednesday
2237,2024-02-29,2024,2,29,Thursday
2238,2024-03-01,2024,3,1,Friday
2239,2024-03-02,2024,3,2,Saturday
2240,2024-03-03,2024,3,3,Sunday
2241,2024-03-04,2024,3,4,Monday
2242,2024-03-05,2024,3,5,Tuesday
2243,2024-03-06,2024,3,6,Wednesday
2244,2024-03-07,2024,3,7,Thursday
2245,2024-03-08,2024,3,8,Friday
2246,2024-03-09,2024,3,9,Saturday
2247,2024-03-10,2024,3,10,Sunday
2248,2024-03-11,2024,3,11,Monday
2249,2024-03-12,2024,3,12,Tuesday
2250,2024-03-13,2024,3,13,Wednesday
2251,2024-03-14,2024,3,14,Thursday
2252,2024-03-15,2024,3,15,Friday
2253,2024-03-16,2024,3,16,Saturday
2254,2024-03-17,2024,3,17,Sunday
2255,2024-03-18,2024,3,18,Monday
2256,2024-03-19,2024,3,19,Tuesday
2257,2024-03-20,2024,3,20,Wednesday
2258,2024-03-21,2024,3,21,Thursday
2259,2024-03-22,2024,3,22,Friday
2260,2024-03-23,2024,3,23,Saturday
2261,2024-03-24,2024,3,24,Sunday
2262,2024-03-25,2024,3,25,Monday
2263,2024-03-26,2024,3,26,Tuesday
2264,2024-03-27,2024,3,27,Wednesday
2265,2024-03-28,2024,3,28,Thursday
2266,2024-03-29,2024,3,29,Friday
2267,2024-03-30,2024,3,30,Saturday
2268,2024-03-31,2024,3,31,Sunday
2269,2024-04-01,2024,4,1,Monday
2270,2024-04-02,2024,4,2,Tuesday
2271,2024-04-03,2024,4,3,Wednesday
2272,2024-04-04,2024,4,4,Thursday
2273,2024-04-05,2024,4,5,Friday
2274,2024-04-06,2024,4,6,Saturday
2275,2024-04-07,2024,4,7,Sunday
2276,2024-04-08,2024,4,8,Monday
2277,2024-04-09,2024,4,9,Tuesday
2278,2024-04-10,2024,4,10,Wednesday
2279,2024-04-11,2024,4,11,Thursday
2280,2024-04-12,2024,4,12,Friday
2281,2024-04-13,2024,4,13,Saturday
2282,2024-04-14,2024,4,14,Sunday
2283,2024-04-15,2024,4,15,Monday
2284,2024-04-16,2024,4,16,Tuesday
2285,2024-04-17,2024,4,17,Wednesday
2286,2024-04-18,2024,4,18,Thursday
2287,2024-04-19,2024,4,19,Friday
2288,2024-04-20,2024,4,20,Saturday
2289,2024-04-21,2024,4,21,Sunday
2290,2024-04-22,2024,4,22,Monday
2291,2024-04-23,2024,4,23,Tuesday
2292,2024-04-24,2024,4,24,Wednesday
2293,2024-04-25,2024,4,25,Thursday
2294,2024-04-26,2024,4,26,Friday
2295,2024-04-27,2024,4,27,Saturday
2296,2024-04-28,2024,4,28,Sunday
2297,2024-04-29,2024,4,29,Monday
2298,2024-04-30,2024,4,30,Tuesday
2299,2024-05-01,2024,5,1,Wednesday
2300,2024-05-02,2024,5,2,Thursday
2301,2024-05-03,2024,5,3,Friday
2302,2024-05-04,2024,5,4,Saturday
2303,2024-05-05,2024,5,5,Sunday
2304,2024-05-06,2024,5,6,Monday
2305,2024-05-07,2024,5,7,Tuesday
2306,2024-05-08,2024,5,8,Wednesday
2307,2024-05-09,2024,5,9,Thursday
2308,2024-05-10,2024,5,10,Friday
2309,2024-05-11,2024,5,11,Saturday
2310,2024-05-12,2024,5,12,Sunday
2311,2024-05-13,2024,5,13,Monday
2312,2024-05-14,2024,5,14,Tuesday
2313,2024-05-15,2024,5,15,Wednesday
2314,2024-05-16,2024,5,16,Thursday
2315,2024-05-17,2024,5,17,Friday
2316,2024-05-18,2024,5,18,Saturday
2317,2024-05-19,2024,5,19,Sunday
2318,2024-05-20,2024,5,20,Monday
2319,2024-05-21,2024,5,21,Tuesday
2320,2024-05-22,2024,5,22,Wednesday
2321,2024-05-23,2024,5,23,Thursday
2322,2024-05-24,2024,5,24,Friday
2323,2024-05-25,2024,5,25,Saturday
2324,2024-05-26,2024,5,26,Sunday
2325,2024-05-27,2024,5,27,Monday
2326,2024-05-28,2024,5,28,Tuesday
2327,2024-05-29,2024,5,29,Wednesday
2328,2024-05-30,2024,5,30,Thursday
2329,2024-05-31,2024,5,31,Friday
2330,2024-06-01,2024,6,1,Saturday
2331,2024-06-02,2024,6,2,Sunday
2332,2024-06-03,2024,6,3,Monday
2333,2024-06-04,2024,6,4,Tuesday
2334,2024-06-05,2024,6,5,Wednesday
2335,2024-06-06,2024,6,6,Thursday
2336,2024-06-07,2024,6,7,Friday
2337,2024-06-08,2024,6,8,Saturday
2338,2024-06-09,2024,6,9,Sunday
2339,2024-06-10,2024,6,10,Monday
2340,2024-06-11,2024,6,11,Tuesday
2341,2024-06-12,2024,6,12,Wednesday
2342,2024-06-13,2024,6,13,Thursday
2343,2024-06-14,2024,6,14,Friday
2344,2024-06-15,2024,6,15,Saturday
2345,2024-06-16,2024,6,16,Sunday
2346,2024-06-17,2024,6,17,Monday
2347,2024-06-18,2024,6,18,Tuesday
2348,2024-06-19,2024,6,19,Wednesday
2349,2024-06-20,2024,6,20,Thursday
2350,2024-06-21,2024,6,21,Friday
2351,2024-06-22,2024,6,22,Saturday
2352,2024-06-23,2024,6,23,Sunday
2353,2024-06-24,2024,6,24,Monday
2354,2024-06-25,2024,6,25,Tuesday
2355,2024-06-26,2024,6,26,Wednesday
2356,2024-06-27,2024,6,27,Thursday
2357,2024-06-28,2024,6,28,Friday
2358,2024-06-29,2024,6,29,Saturday
2359,2024-06-30,2024,6,30,Sunday
2360,2024-07-01,2024,7,1,Monday
2361,2024-07-02,2024,7,2,Tuesday
2362,2024-07-03,2024,7,3,Wednesday
2363,2024-07-04,2024,7,4,Thursday
2364,2024-07-05,2024,7,5,Friday
2365,2024-07-06,2024,7,6,Saturday
2366,2024-07-07,2024,7,7,Sunday
2367,2024-07-08,2024,7,8,Monday
2368,2024-07-09,2024,7,9,Tuesday
2369,2024-07-10,2024,7,10,Wednesday
2370,2024-07-11,2024,7,11,Thursday
2371,2024-07-12,2024,7,12,Friday
2372,2024-07-13,2024,7,13,Saturday
2373,2024-07-14,2024,7,14,Sunday
2374,2024-07-15,2024,7,15,Monday
2375,2024-07-16,2024,7,16,Tuesday
2376,2024-07-17,2024,7,17,Wednesday
2377,2024-07-18,2024,7,18,Thursday
2378,2024-07-19,2024,7,19,Friday
2379,2024-07-20,2024,7,20,Saturday
2380,2024-07-21,2024,7,21,Sunday
2381,2024-07-22,2024,7,22,Monday
2382,2024-07-23,2024,7,23,Tuesday
2383,2024-07-24,2024,7,24,Wednesday
2384,2024-07-25,2024,7,25,Thursday
2385,2024-07-26,2024,7,26,Friday
2386,2024-07-27,2024,7,27,Saturday
2387,2024-07-28,2024,7,28,Sunday
2388,2024-07-29,2024,7,29,Monday
2389,2024-07-30,2024,7,30,Tuesday
2390,2024-07-31,2024,7,31,Wednesday
2391,2024-08-01,2024,8,1,Thursday
2392,2024-08-02,2024,8,2,Friday
2393,2024-08-03,2024,8,3,Saturday
2394,2024-08-04,2024,8,4,Sunday
2395,2024-08-05,2024,8,5,Monday
2396,2024-08-06,2024,8,6,Tuesday
2397,2024-08-07,2024,8,7,Wednesday
2398,2024-08-08,2024,8,8,Thursday
2399,2024-08-09,2024,8,9,Friday
2400,2024-08-10,2024,8,10,Saturday
2401,2024-08-11,2024,8,11,Sunday
2402,2024-08-12,2024,8,12,Monday
2403,2024-08-13,2024,8,13,Tuesday
2404,2024-08-14,2024,8,14,Wednesday
2405,2024-08-15,2024,8,15,Thursday
2406,2024-08-16,2024,8,16,Friday
2407,2024-08-17,2024,8,17,Saturday
2408,2024-08-18,2024,8,18,Sunday
2409,2024-08-19,2024,8,19,Monday
2410,2024-08-20,2024,8,20,Tuesday
2411,2024-08-21,2024,8,21,Wednesday
2412,2024-08-22,2024,8,22,Thursday
2413,2024-08-23,2024,8,23,Friday
2414,2024-08-24,2024,8,24,Saturday
2415,2024-08-25,2024,8,25,Sunday
2416,2024-08-26,2024,8,26,Monday
2417,2024-08-27,2024,8,27,Tuesday
2418,2024-08-28,2024,8,28,Wednesday
2419,2024-08-29,2024,8,29,Thursday
2420,2024-08-30,2024,8,30,Friday
2421,2024-08-31,2024,8,31,Saturday
2422,2024-09-01,2024,9,1,Sunday
2423,2024-09-02,2024,9,2,Monday
2424,2024-09-03,2024,9,3,Tuesday
2425,2024-09-04,2024,9,4,Wednesday
2426,2024-09-05,2024,9,5,Thursday
2427,2024-09-06,2024,9,6,Friday
2428,2024-09-07,2024,9,7,Saturday
2429,2024-09-08,2024,9,8,Sunday
2430,2024-09-09,2024,9,9,Monday
2431,2024-09-10,2024,9,10,Tuesday
2432,2024-09-11,2024,9,11,Wednesday
2433,2024-09-12,2024,9,12,Thursday
2434,2024-09-13,2024,9,13,Friday
2435,2024-09-14,2024,9,14,Saturday
2436,2024-09-15,2024,9,15,Sunday
2437,2024-09-16,2024,9,16,Monday
2438,2024-09-17,2024,9,17,Tuesday
2439,2024-09-18,2024,9,18,Wednesday
2440,2024-09-19,2024,9,19,Thursday
2441,2024-09-20,2024,9,20,Friday
2442,2024-09-21,2024,9,21,Saturday
2443,2024-09-22,2024,9,22,Sunday
2444,2024-09-23,2024,9,23,Monday
2445,2024-09-24,2024,9,24,Tuesday
2446,2024-09-25,2024,9,25,Wednesday
2447,2024-09-26,2024,9,26,Thursday
2448,2024-09-27,2024,9,27,Friday
2449,2024-09-28,2024,9,28,Saturday
2450,2024-09-29,2024,9,29,Sunday
2451,2024-09-30,2024,9,30,Monday
2452,2024-10-01,2024,10,1,Tuesday
2453,2024-10-02,2024,10,2,Wednesday
2454,2024-10-03,2024,10,3,Thursday
2455,2024-10-04,2024,10,4,Friday
2456,2024-10-05,2024,10,5,Saturday
2457,2024-10-06,2024,10,6,Sunday
2458,2024-10-07,2024,10,7,Monday
2459,2024-10-08,2024,10,8,Tuesday
2460,2024-10-09,2024,10,9,Wednesday
2461,2024-10-10,2024,10,10,Thursday
2462,2024-10-11,2024,10,11,Friday
2463,2024-10-12,2024,10,12,Saturday
2464,2024-10-13,2024,10,13,Sunday
2465,2024-10-14,2024,10,14,Monday
2466,2024-10-15,2024,10,15,Tuesday
2467,2024-10-16,2024,10,16,Wednesday
2468,2024-10-17,2024,10,17,Thursday
2469,2024-10-18,2024,10,18,Friday
2470,2024-10-19,2024,10,19,Saturday
2471,2024-10-20,2024,10,20,Sunday
2472,2024-10-21,2024,10,21,Monday
2473,2024-10-22,2024,10,22,Tuesday
2474,2024-10-23,2024,10,23,Wednesday
2475,2024-10-24,2024,10,24,Thursday
2476,2024-10-25,2024,10,25,Friday
2477,2024-10-26,2024,10,26,Saturday
2478,2024-10-27,2024,10,27,Sunday
2479,2024-10-28,2024,10,28,Monday
2480,2024-10-29,2024,10,29,Tuesday
2481,2024-10-30,2024,10,30,Wednesday
2482,2024-10-31,2024,10,31,Thursday
2483,2024-11-01,2024,11,1,Friday
2484,2024-11-02,2024,11,2,Saturday
2485,2024-11-03,2024,11,3,Sunday
2486,2024-11-04,2024,11,4,Monday
2487,2024-11-05,2024,11,5,Tuesday
2488,2024-11-06,2024,11,6,Wednesday
2489,2024-11-07,2024,11,7,Thursday
2490,2024-11-08,2024,11,8,Friday
2491,2024-11-09,2024,11,9,Saturday
2492,2024-11-10,2024,11,10,Sunday
2493,2024-11-11,2024,11,11,Monday
2494,2024-11-12,2024,11,12,Tuesday
2495,2024-11-13,2024,11,13,Wednesday
2496,2024-11-14,2024,11,14,Thursday
2497,2024-11-15,2024,11,15,Friday
2498,2024-11-16,2024,11,16,Saturday
2499,2024-11-17,2024,11,17,Sunday
2500,2024-11-18,2024,11,18,Monday
2501,2024-11-19,2024,11,19,Tuesday
2502,2024-11-20,2024,11,20,Wednesday
2503,2024-11-21,2024,11,21,Thursday
2504,2024-11-22,2024,11,22,Friday
2505,2024-11-23,2024,11,23,Saturday
2506,2024-11-24,2024,11,24,Sunday
2507,2024-11-25,2024,11,25,Monday
2508,2024-11-26,2024,11,26,Tuesday
2509,2024-11-27,2024,11,27,Wednesday
2510,2024-11-28,2024,11,28,Thursday
2511,2024-11-29,2024,11,29,Friday
2512,2024-11-30,2024,11,30,Saturday
2513,2024-12-01,2024,12,1,Sunday
2514,2024-12-02,2024,12,2,Monday
2515,2024-12-03,2024,12,3,Tuesday
2516,2024-12-04,2024,12,4,Wednesday
2517,2024-12-05,2024,12,5,Thursday
2518,2024-12-06,2024,12,6,Friday
2519,2024-12-07,2024,12,7,Saturday
2520,2024-12-08,2024,12,8,Sunday
2521,2024-12-09,2024,12,9,Monday
2522,2024-12-10,2024,12,10,Tuesday
2523,2024-12-11,2024,12,11,Wednesday
2524,2024-12-12,2024,12,12,Thursday
2525,2024-12-13,2024,12,13,Friday
2526,2024-12-14,2024,12,14,Saturday
2527,2024-12-15,2024,12,15,Sunday
2528,2024-12-16,2024,12,16,Monday
2529,2024-12-17,2024,12,17,Tuesday
2530,2024-12-18,2024,12,18,Wednesday
2531,2024-12-19,2024,12,19,Thursday
2532,2024-12-20,2024,12,20,Friday
